tempo de execução,00:00:00.5895707 sec

3085,3432,3405,3372,3516,3483,3564,3877,3173,3623,3569,3426,3440,3302,3141,3266,3520,2892,3258,3297,3475,3595,3225,3066,3530,3408,3203,3767,3740,3362,3036,3374,3429,3581,3391,3486,3349,3406,3240,3416,3443,3515,3103,3557,3345,3158,3501,3427,3669,3243,3614,3177,3020,3506,3134,3370,3001,3304,3550,3236,3832,3276,3692,3240,3209,3585,3467,3147,3419,3209,3625,3192,3175,3429,3208,3278,3371,3536,3171,3244,3429,3237,3276,3627,3259,3251,3404,3658,3175,3234,3337,3210,3317,3140,3555,3191,3227,3414,3374,3298,3240,3459,3518,3166,3384,3189,3471,3143,3351,3261,3378,3480,3365,3256,3332,3137,3398,3202,3625,3393,3238,3362,3225,3648,3280,3140,3162,3178,3228,3368
3015,3275,3248,3201,3359,3305,3513,3712,2984,3343,3245,3232,3221,3218,2974,3295,3315,2917,3184,3224,3294,3446,3195,3037,3234,3151,3094,3566,3689,3187,3095,3101,3306,3413,3252,3322,3256,3155,3190,3168,3320,3227,3078,3432,3270,3321,3386,3199,3466,3041,3391,2939,2908,3455,3006,3408,2931,3143,3196,3071,3697,3262,3338,2890,3163,3335,3210,3102,3182,3227,3425,3049,3100,3310,2913,3214,3234,3325,3056,3137,3134,3080,3059,3304,3082,3120,3349,3522,3134,3160,3046,3102,3220,3014,3369,3339,3100,3245,3058,3186,3244,3186,3333,3070,3142,3095,3154,2991,3181,3126,3255,3309,3217,3059,3165,3046,3301,3039,3317,3071,3080,3130,3249,3364,3101,2945,3036,2994,3018,3216
3009,3155,3255,3172,3382,3400,3271,3833,3015,3391,3509,3135,3399,3215,2967,3269,3411,2940,3098,3409,3401,3556,3312,3032,3298,3288,3215,3683,3639,3148,2849,3175,3176,3409,3261,3550,3200,3246,3169,3048,3367,3308,3133,3305,3255,3181,3332,3357,3555,3149,3514,3187,3022,3364,2964,3306,2885,3151,3347,3178,3659,3284,3539,3009,3243,3276,3120,3055,3215,3134,3551,3351,3054,3396,2974,3211,3325,3436,3297,3050,3291,3111,3224,3372,3171,3136,3469,3476,3061,2991,3210,3255,3269,3060,3568,3320,3274,3384,2983,3118,3096,3333,3207,3077,3118,3092,3259,3240,3305,3290,3220,3141,3219,3047,3216,3102,3182,3078,3633,3152,3280,3282,3258,3455,3083,3000,3144,2956,3090,3132
3191,3438,3522,3407,3500,3666,3433,4140,3384,3528,3738,3545,3467,3284,3121,3408,3462,3298,3372,3496,3732,3510,3354,3010,3454,3469,3539,3656,3718,3304,3149,3388,3468,3613,3248,3680,3396,3424,3114,3307,3661,3471,3172,3687,3411,3314,3499,3549,3684,3251,3639,3238,3146,3525,3033,3514,3055,3465,3454,3357,3721,3571,3572,3122,3368,3638,3332,3299,3424,3230,3630,3329,3287,3498,3208,3288,3668,3703,3216,3347,3475,3209,3279,3615,3317,3167,3351,3725,3293,3307,3371,3304,3413,3292,3691,3345,3067,3508,3309,3330,3208,3457,3410,3228,3383,3156,3491,3249,3496,3460,3462,3286,3551,3354,3279,3047,3580,3244,3553,3341,3369,3387,3354,3616,3366,2999,3330,3165,3223,3328
2891,3071,3217,3009,3188,3268,3290,3715,2953,3151,3356,3068,3170,3100,3134,3155,3220,2823,2963,3112,3095,3267,3025,2835,3241,2979,2970,3448,3383,3129,2950,3135,3285,3110,3042,3334,2948,3054,3028,3079,3233,3019,2946,3278,3057,3017,3193,3163,3460,3039,3318,3017,2647,3313,2733,3106,2799,3015,3289,2942,3535,3125,3426,2849,3124,3340,3063,2875,3116,3050,3367,2984,3021,3340,2978,3106,3131,3268,3011,3001,3343,3039,3008,3262,2923,2919,3060,3404,2959,3007,3068,3090,3054,2912,3199,3178,3019,3203,3041,3052,3015,3259,3214,2892,3218,2801,3089,3019,3164,3124,3360,3189,3247,2923,3351,3003,3106,2907,3313,3144,3063,3079,3085,3247,3084,2980,3158,2749,2924,3155
2648,2834,2986,2928,2961,3215,3003,3464,2799,3100,3170,2882,2993,2890,2737,2876,3012,2792,2778,2991,3063,3295,2816,2735,2997,2920,2977,3261,3374,2922,2758,2830,2951,3152,2854,3177,2859,2922,2645,2925,3140,3111,2751,3109,2978,3041,3094,3028,3213,2775,3187,2860,2787,3128,2743,2969,2684,2801,3072,2725,3234,2961,3210,2668,2907,3030,2927,2800,2972,2918,3163,2954,2927,3047,2661,2928,3137,3232,2815,2819,2997,2869,2957,3079,2931,2909,3116,3229,2793,2781,3033,2908,3066,2856,3115,2931,2814,2978,2868,2890,2784,3128,3052,2796,2940,2762,2974,2793,3090,2975,2942,3018,3030,2796,2865,2708,3051,2793,3141,2948,2897,2963,2811,3197,2723,2753,2961,2744,2739,2837
3142,3341,3340,3432,3615,3539,3612,3980,3139,3566,3574,3449,3471,3254,3180,3379,3647,2945,3242,3497,3484,3605,3236,3146,3431,3480,3247,3734,3831,3413,3173,3267,3568,3678,3437,3681,3351,3311,3159,3169,3589,3469,3172,3687,3493,3189,3513,3531,3744,3268,3499,3266,3016,3531,3190,3430,3087,3433,3537,3315,3804,3390,3644,3171,3345,3643,3432,3235,3322,3255,3548,3207,3180,3476,3280,3330,3358,3516,3268,3366,3508,3224,3338,3655,3174,3268,3429,3611,3232,3203,3324,3386,3418,3311,3487,3375,3314,3556,3223,3232,3361,3481,3432,3271,3448,3109,3371,3178,3495,3291,3449,3391,3485,3353,3398,3280,3571,3235,3661,3382,3411,3414,3326,3493,3372,3117,3183,3138,3251,3467
3043,3237,3378,3219,3303,3341,3396,3767,2969,3298,3375,3203,3325,3048,3002,3247,3371,2884,3282,3246,3300,3336,3140,2976,3320,3122,3278,3502,3665,3171,3154,3221,3290,3438,3153,3521,3206,3213,3033,3216,3307,3129,3053,3434,3163,3293,3411,3176,3432,3073,3413,3144,2838,3340,2954,3275,2873,3274,3289,3206,3562,3193,3429,2947,3173,3495,3175,3188,3160,3167,3497,3100,3265,3290,2977,3268,3308,3323,3084,3011,3283,3043,3157,3245,2986,3027,3445,3529,3062,3139,3029,3258,3295,2971,3552,3313,3087,3118,3180,3170,3068,3331,3165,2942,3162,2968,3277,3100,3294,3267,3317,3158,3256,3058,3185,2993,3324,3156,3513,3191,3185,3184,3219,3279,2969,3062,3190,2995,3100,3163
2984,3434,3351,3422,3396,3514,3509,3926,3133,3345,3474,3199,3494,3319,3190,3289,3498,3149,3349,3344,3425,3552,3124,2829,3331,3517,3399,3630,3724,3121,3182,3091,3375,3457,3304,3596,3340,3308,3206,3157,3407,3335,3067,3422,3223,3306,3492,3236,3620,3166,3570,3126,3084,3603,3000,3510,3058,3270,3458,3213,3749,3270,3662,2937,3234,3528,3341,3218,3323,3308,3554,3299,3171,3484,3137,3244,3481,3455,3181,3375,3511,3225,3436,3597,3200,3236,3591,3569,3204,3242,3242,3394,3388,3155,3593,3159,3157,3376,3286,3183,3087,3398,3309,3035,3331,3102,3360,3049,3496,3292,3353,3334,3302,3068,3400,3177,3478,3052,3626,3166,3261,3394,3213,3622,3261,3095,3283,3122,3160,3320
3210,3398,3335,3463,3422,3538,3572,3871,3152,3473,3700,3454,3392,3425,3163,3348,3481,3131,3276,3358,3316,3597,3275,3018,3436,3378,3341,3782,3838,3285,3154,3373,3430,3425,3264,3616,3321,3404,3324,3305,3335,3371,3021,3480,3416,3310,3413,3330,3607,3227,3545,3141,2966,3448,3055,3421,2976,3287,3545,3209,3821,3489,3648,3211,3371,3636,3460,3155,3329,3380,3763,3340,3313,3445,3029,3346,3479,3506,3200,3331,3360,3508,3313,3590,3307,3195,3412,3704,3249,3214,3442,3160,3495,3230,3534,3262,3189,3379,3281,3334,3224,3521,3501,3172,3351,3193,3365,3190,3307,3290,3309,3516,3461,3133,3487,3198,3336,3121,3647,3236,3292,3244,3353,3442,3277,3022,3189,3281,3133,3200
2911,3162,3192,3227,3164,3438,3317,3705,2948,3345,3410,3138,3311,3022,2875,3174,3372,2923,2983,3240,3247,3389,2987,2839,3174,3252,3089,3532,3477,3139,2857,3101,3256,3330,3030,3470,3144,3138,3062,3210,3171,3283,3049,3459,3191,3115,3191,3172,3386,2979,3473,3131,3029,3413,2971,3202,2903,3130,3273,3046,3526,3234,3524,2921,3134,3301,3269,3053,3192,3061,3293,2982,3083,3251,2890,3163,3327,3553,3009,3080,3151,3164,3087,3323,3065,3091,3226,3414,3052,3106,3071,3110,3257,2990,3401,3243,2995,3268,3057,3103,3118,3307,3250,2988,3084,3079,3182,3023,3152,3143,3237,3169,3324,2987,3244,3088,3193,3176,3370,3242,3002,3263,3072,3202,2886,2938,3063,2970,3007,3265
2972,3092,3164,2968,3161,3232,3189,3667,2949,3238,3184,3146,3261,2952,2799,3063,3201,2849,3020,3023,3240,3372,3069,2769,3360,3175,2978,3401,3594,2917,2772,3150,3004,3264,2941,3226,3125,3106,2973,3049,3289,3234,2897,3257,3200,3004,3198,3149,3319,2947,3335,2984,3020,3414,2886,3182,2805,3033,3182,3027,3436,3052,3191,2860,3125,3272,3102,3078,3053,3022,3217,2927,2979,3120,2837,3122,3234,3349,2978,2999,3275,3012,2932,3280,3050,3009,3342,3339,2955,3126,3098,3161,3113,2954,3326,3190,2932,3151,2948,3063,2836,3156,3112,3010,3197,2853,3168,3055,3140,3148,3163,3122,3123,2917,3052,2983,3236,2936,3293,3041,3076,3020,3122,3257,2999,2807,2923,2887,2986,3100
3003,3253,3461,3210,3396,3315,3378,3960,3051,3414,3384,3467,3414,3119,3069,3289,3614,3007,3210,3314,3426,3403,3421,2985,3480,3210,3316,3671,3660,3246,3047,3300,3349,3541,3217,3606,3208,3349,3007,3117,3385,3332,3136,3510,3435,3319,3428,3376,3689,3145,3719,3135,3055,3469,3047,3311,3097,3316,3401,3272,3646,3290,3470,2919,3251,3400,3245,3233,3389,3132,3494,3213,3245,3547,3134,3236,3453,3544,3199,3144,3252,3262,3342,3393,3252,3013,3392,3507,2935,3249,3246,3311,3232,3061,3622,3248,3099,3531,3308,3309,3115,3304,3327,3146,3229,3035,3252,3223,3409,3260,3512,3203,3298,3181,3422,3209,3562,3125,3572,3372,3245,3323,3232,3514,3064,3154,3176,2986,3266,3238
3237,3226,3416,3307,3480,3689,3468,3842,3238,3514,3601,3297,3444,3290,3220,3338,3476,3157,3205,3273,3482,3641,3307,3199,3430,3481,3335,3846,3671,3306,3223,3361,3584,3621,3279,3458,3466,3320,3195,3274,3485,3336,3185,3676,3339,3213,3428,3482,3764,3261,3564,3227,2991,3630,3231,3613,3139,3248,3598,3350,3841,3475,3445,3168,3315,3455,3415,3236,3303,3196,3529,3322,3136,3538,2942,3280,3445,3528,3274,3119,3506,3321,3269,3436,3353,3225,3481,3590,3093,3252,3170,3388,3273,3312,3381,3431,3246,3367,3162,3117,3304,3498,3390,3195,3250,3185,3383,3116,3369,3349,3526,3421,3350,3366,3176,3262,3565,3440,3687,3353,3269,3250,3361,3484,3323,3147,3150,3188,3310,3331
2809,3080,3214,3083,3082,3160,3182,3625,2984,3114,3232,3073,3226,3130,2849,3059,3244,2922,3003,3087,3135,3347,2993,2831,3191,3025,3092,3422,3497,3030,2864,3076,3182,3235,3210,3307,3009,2999,3072,2915,3202,3164,2854,3345,3098,3058,3188,3138,3380,2981,3280,2899,2801,3429,2960,3172,2843,3107,3181,2990,3536,2982,3313,2656,3045,3277,2948,3030,3107,2922,3275,3011,2984,3061,2723,3127,3039,3307,2978,2982,3246,2877,3221,3313,3011,2888,3293,3362,2789,2879,3052,3189,3137,3007,3202,3179,3007,3140,2928,2992,2982,3185,3333,2945,3102,2918,3185,3038,2936,2998,3310,3200,3198,3068,3116,2913,3197,2865,3268,3039,3139,3002,2977,3252,3007,2904,2888,2945,2948,3011
3010,3280,3328,3089,3389,3371,3326,3833,2799,3256,3331,3222,3329,3265,2916,3205,3266,3066,3041,3277,3415,3421,3138,2966,3347,3237,3122,3583,3631,3133,3026,3126,3234,3451,3187,3366,3206,3244,3002,3099,3287,3257,3065,3319,3159,3268,3299,3353,3560,2961,3480,3219,2918,3390,2984,3362,2974,3131,3319,2955,3564,3316,3430,2996,3239,3378,3283,3185,3200,3146,3365,3126,3097,3337,3039,3123,3370,3403,3163,3143,3224,3145,3093,3404,3268,3058,3377,3474,3082,3118,3144,3055,3179,3159,3516,3202,3020,3365,3140,3094,2933,3349,3259,3146,3273,2984,3298,2998,3347,3265,3319,3229,3222,3129,3140,2969,3315,3042,3534,3183,3113,3214,3273,3383,3145,2855,3219,3034,3040,3128
3150,3331,3435,3190,3391,3387,3634,3846,3149,3305,3362,3302,3357,3130,3098,3348,3462,3063,3229,3367,3519,3390,3196,3073,3359,3198,3183,3552,3696,3233,3139,3206,3503,3350,3302,3508,3270,3280,3280,3163,3404,3330,2880,3427,3371,3190,3329,3319,3585,3170,3661,3078,2950,3613,3154,3354,2928,3208,3476,3192,3690,3398,3570,2914,3328,3578,3340,3125,3315,3458,3579,3339,3291,3312,3110,3272,3489,3469,3205,3269,3414,3249,3285,3477,3032,3199,3408,3672,3175,3252,3303,3237,3225,3226,3558,3368,3073,3306,3148,3242,3203,3445,3305,3037,3309,3086,3339,3100,3290,3303,3446,3180,3405,3172,3214,3213,3376,2949,3522,3114,3230,3228,3308,3450,3166,3042,3350,3146,3244,3159
3160,3521,3422,3304,3316,3527,3395,4083,3217,3502,3560,3276,3498,3322,3060,3246,3684,3295,3374,3371,3553,3638,3351,2991,3489,3279,3384,3903,3617,3049,3109,3388,3432,3586,3367,3696,3334,3191,3272,3362,3626,3354,3208,3545,3371,3374,3525,3354,3566,3211,3632,3137,3235,3690,3183,3409,3187,3429,3302,3437,3762,3260,3721,3018,3228,3788,3423,3218,3507,3173,3537,3224,3232,3538,3003,3325,3548,3697,3283,3324,3497,3340,3273,3561,3514,3263,3496,3526,3134,3306,3320,3387,3452,3342,3589,3453,3311,3428,3315,3194,3166,3521,3561,3307,3287,3099,3270,3234,3382,3209,3428,3435,3456,3285,3309,3202,3481,3112,3498,3324,3304,3314,3200,3624,3206,3009,3294,3288,3123,3211
2883,3098,3323,3138,3213,3318,3331,3671,2974,3308,3245,3127,3091,3082,2931,3188,3334,2973,3021,3326,3238,3464,3059,2830,3273,3173,3192,3614,3591,3146,2857,3179,3336,3396,3198,3560,3012,3245,2963,3191,3239,3222,2900,3406,3206,2979,3267,3250,3470,3128,3537,3048,2957,3357,2955,3352,2932,3072,3451,3046,3592,3217,3466,2878,3090,3359,3024,3026,3214,3107,3434,3124,3013,3223,2930,3215,3157,3354,3153,3148,3398,3061,3224,3375,3019,3151,3292,3425,3008,3072,3131,3328,3120,3114,3126,3044,3052,3325,3110,3110,3056,3431,3321,2940,3229,2895,3303,3252,3315,3300,3242,3128,3124,3067,3167,3168,3314,2903,3512,3190,3195,3065,3187,3518,2979,3142,3095,3022,3095,3166
3292,3531,3488,3453,3505,3743,3665,4023,3427,3564,3647,3416,3644,3454,3211,3434,3562,3171,3387,3456,3643,3768,3312,3283,3614,3493,3412,3875,3910,3437,3332,3428,3553,3784,3408,3681,3385,3452,3424,3515,3730,3683,3211,3781,3535,3503,3632,3552,3835,3428,3881,3325,3301,3676,3278,3609,3295,3389,3559,3427,3983,3512,3761,3098,3514,3853,3579,3307,3643,3483,3906,3315,3395,3575,3286,3493,3638,3832,3313,3287,3780,3305,3503,3597,3363,3304,3574,3932,3399,3336,3412,3574,3572,3342,3789,3657,3358,3584,3406,3403,3399,3671,3440,3398,3335,3347,3468,3290,3598,3480,3570,3528,3562,3367,3429,3347,3511,3396,3786,3384,3372,3631,3670,3574,3451,3331,3498,3274,3359,3355
2906,3221,3143,3177,3316,3091,3187,3498,2807,3280,3284,2937,3234,2828,2812,3188,3265,2938,3102,3256,3231,3192,2928,2714,3295,3140,3003,3366,3357,2796,2929,2966,3152,3330,3037,3207,3011,3026,2906,3042,3220,3281,2724,3283,3128,2988,3050,3141,3343,2883,3320,2952,2856,3253,2892,3251,2851,3018,3177,2994,3375,3129,3311,2874,2939,3240,3069,2919,3053,2926,3402,3003,3100,3093,2921,2976,3159,3284,2984,2942,3101,3022,3108,3230,3047,2901,3225,3210,2974,3100,3010,3010,3156,2947,3187,3030,2948,3039,2986,2900,2920,3208,2967,2781,3056,2935,3036,2943,3147,3185,3099,3078,3076,3033,3005,2848,3234,2847,3412,3012,3015,3046,3086,3105,2934,2773,3084,2881,2881,3062
3097,3425,3342,3361,3563,3600,3574,3795,3202,3503,3552,3313,3510,3292,3213,3465,3459,3019,3257,3448,3489,3719,3262,3097,3429,3375,3357,3661,3824,3429,3177,3199,3482,3471,3425,3567,3443,3184,3258,3253,3574,3401,3067,3482,3410,3306,3433,3425,3667,3345,3426,3250,2988,3563,3259,3379,3098,3304,3429,3284,3747,3402,3806,3148,3373,3440,3549,3243,3280,3063,3474,3199,3197,3560,3077,3278,3346,3544,3277,3322,3492,3311,3375,3564,3258,3270,3528,3648,3203,3202,3450,3392,3451,3244,3502,3391,3286,3515,3112,3168,3278,3588,3497,3229,3415,3074,3389,3209,3527,3307,3419,3626,3332,3332,3210,3295,3296,3339,3673,3295,3293,3281,3163,3516,3351,3033,3162,3129,3186,3411
2894,3211,3181,3064,3208,3168,3389,3716,3072,3257,3437,3285,3234,3093,2979,3138,3343,2899,2951,3131,3212,3514,3145,2884,3214,3097,3050,3554,3528,3163,2756,3118,3205,3333,3145,3470,3157,3169,3168,2983,3308,3119,2987,3374,3322,3009,3173,3264,3398,3093,3233,3005,2896,3359,3040,3208,2903,3123,3204,3137,3666,3183,3390,2922,3109,3354,3194,2953,2948,3048,3437,3036,3093,3192,3010,3082,3166,3267,3136,3016,3240,3204,3034,3326,3047,3022,3226,3334,2905,3064,3160,3163,3231,2947,3262,3166,3114,3329,3111,3176,3068,3218,3267,2952,3201,3141,3186,3188,3092,3087,3196,3231,3159,3033,3059,2975,3232,3073,3349,3145,3085,3031,3062,3370,3068,2831,2980,2875,3015,3114
3102,3408,3419,3271,3216,3487,3566,3903,3232,3321,3489,3378,3434,3254,3136,3283,3453,2977,3171,3352,3365,3643,3160,3126,3314,3386,3251,3685,3817,3369,3158,3247,3408,3462,3258,3555,3416,3276,3222,3281,3545,3419,3160,3472,3392,3323,3586,3229,3646,3311,3604,3238,2997,3564,3129,3381,3072,3347,3421,3224,3774,3322,3600,3077,3151,3607,3292,3257,3312,3273,3615,3233,3298,3432,2981,3273,3433,3565,3272,3209,3479,3250,3386,3504,3148,3119,3601,3606,3237,3309,3321,3337,3265,3325,3446,3373,3226,3324,3247,3215,3179,3534,3393,3258,3356,3244,3330,3116,3194,3305,3315,3402,3315,3221,3330,3347,3510,3136,3660,3185,3218,3373,3215,3535,3098,3135,3139,3038,3211,3224
3196,3538,3278,3356,3361,3397,3434,3852,3034,3225,3458,3308,3509,3258,3072,3124,3573,3107,3288,3409,3273,3648,3128,3179,3532,3313,3365,3634,3775,3331,3069,3185,3287,3598,3342,3567,3267,3374,3202,3121,3515,3403,3139,3663,3374,3181,3550,3581,3785,3262,3535,3037,3132,3594,3124,3338,3161,3386,3380,3325,3850,3281,3514,2955,3304,3774,3314,3162,3369,3222,3519,3203,3373,3380,3108,3439,3433,3438,3160,3349,3419,3028,3396,3386,3263,3137,3659,3720,3092,3195,3325,3437,3361,3147,3655,3305,3263,3304,3287,3213,3273,3524,3278,3155,3408,3084,3264,3098,3477,3115,3403,3379,3364,3327,3393,3123,3418,3112,3664,3222,3274,3481,3449,3570,3222,3165,3265,3126,3104,3273
3037,3198,3276,3163,3211,3415,3309,3790,3051,3309,3263,3180,3247,3145,2994,3116,3424,2912,3088,3210,3327,3520,3077,2944,3267,3151,3353,3515,3535,3243,2927,3155,3311,3323,3215,3446,3159,3343,3125,3148,3324,3054,3084,3487,3253,3144,3406,3278,3583,3046,3406,3080,2860,3449,2958,3333,2961,3207,3272,3122,3592,3214,3433,2992,3242,3440,3137,3087,3191,3110,3343,3020,3162,3338,3053,3119,3269,3392,3009,3120,3234,3169,3293,3426,3072,3166,3247,3582,3099,3077,3165,3134,3111,3089,3399,3175,3077,3310,3233,3133,3020,3445,3283,2940,3284,2966,3318,3089,3308,3241,3206,3125,3254,3034,3198,3064,3334,3050,3388,3208,3110,3186,3052,3386,3049,3088,3213,3011,3031,3185
3168,3389,3486,3427,3555,3375,3581,4070,3328,3642,3554,3244,3497,3244,3268,3540,3608,3056,3332,3549,3376,3542,3415,3176,3582,3319,3254,4001,3866,3180,3193,3470,3604,3615,3465,3662,3356,3276,3219,3251,3448,3541,3113,3671,3289,3375,3347,3372,3568,3352,3608,3231,3110,3553,3169,3476,3057,3242,3364,3340,3939,3468,3730,3080,3294,3378,3296,3151,3331,3217,3681,3429,3185,3542,3067,3304,3393,3523,3350,3214,3679,3261,3203,3647,3301,3202,3528,3658,3278,3290,3380,3424,3517,3264,3521,3350,3305,3459,3406,3280,3197,3387,3513,3102,3345,3184,3392,3334,3297,3394,3558,3449,3466,3291,3453,3203,3415,3205,3764,3382,3353,3212,3443,3519,3435,3061,3217,3009,3240,3422
3112,3295,3276,3215,3321,3284,3447,3776,3164,3362,3448,3171,3409,3226,2980,3140,3349,3021,3082,3340,3534,3404,3236,3083,3373,3265,3254,3596,3592,3088,3085,3201,3246,3448,3228,3341,3175,3195,3178,3237,3313,3396,3032,3496,3364,3140,3462,3291,3545,3237,3575,3095,3066,3465,3110,3351,2993,3175,3320,3188,3583,3339,3536,2926,3204,3486,3226,3166,3252,3239,3570,3225,3195,3405,3002,3339,3355,3535,3219,3220,3261,3188,3252,3524,3146,2989,3291,3344,3078,3221,3205,3192,3209,3131,3479,3284,3125,3333,3133,3083,3095,3378,3234,3115,3328,3191,3205,3101,3267,3138,3287,3278,3370,3144,3146,3129,3272,3037,3453,3104,3161,3259,3244,3364,3305,2954,3164,3015,3208,3183
2785,3101,3053,3227,3288,3252,3116,3618,3038,3246,3204,2898,3286,3011,2824,3028,3277,2807,3004,3260,3333,3253,3155,2945,3164,3110,3102,3401,3491,3006,2893,2936,3241,3359,3084,3387,2945,3027,2764,2893,3271,3074,2759,3339,3194,3073,3086,3224,3301,2974,3254,2898,2920,3220,2882,3067,2817,3222,3202,3175,3575,3169,3392,2745,3088,3248,3191,2953,3018,2928,3352,2992,2871,3230,2879,3061,3171,3259,2974,3034,3149,2931,3193,3240,2847,2931,3123,3307,2776,2978,3078,3120,3118,2836,3237,3139,2899,3191,2920,2894,2968,3161,3181,2898,3075,2845,2943,2987,3091,3101,3225,3184,3039,3136,3108,3044,3087,2947,3301,3132,3193,3020,3063,3167,2991,2852,3029,2918,2810,2977
2840,3136,3089,3174,3353,3283,3380,3597,2947,3215,3388,2982,3271,2996,2967,3011,3309,2851,3088,3225,3319,3452,3048,2919,3166,3188,3186,3569,3485,3106,3064,2939,3196,3360,3135,3409,3102,3086,3146,2981,3260,3132,3023,3411,3297,3059,3196,3221,3384,3043,3209,2960,2847,3416,2879,3312,2870,3124,3134,3106,3578,3112,3330,2721,3130,3376,3264,2979,3059,3101,3457,3102,3085,3272,2828,3179,3273,3235,3114,3268,3196,3172,3158,3320,3137,2972,3303,3371,3053,3097,3179,3068,3171,2943,3380,3188,3057,3281,3040,3022,3056,3213,3145,2937,3082,3052,3082,2896,3265,3148,3314,3149,3132,3099,2998,2988,3251,3139,3320,2975,3049,3201,3077,3274,2991,2903,3142,3061,3010,3092
3103,3257,3444,3373,3233,3657,3291,3941,3251,3439,3653,3300,3533,3404,3132,3417,3483,3168,3238,3415,3445,3505,3472,3101,3237,3439,3319,3679,3760,3379,3094,3345,3409,3607,3185,3516,3277,3271,3110,3308,3559,3424,3004,3628,3324,3254,3493,3497,3533,3344,3736,3344,3223,3543,3056,3478,3098,3271,3512,3283,3674,3367,3566,3171,3233,3587,3300,3310,3378,3328,3571,3405,3447,3290,3024,3232,3517,3720,3362,3285,3491,3216,3318,3419,3307,3251,3419,3606,3100,3306,3185,3374,3415,3226,3572,3474,3046,3510,3179,3192,3325,3355,3356,3219,3209,3112,3264,3195,3369,3443,3415,3473,3449,3126,3374,3215,3401,3178,3527,3401,3359,3387,3369,3497,3226,3079,3202,3149,3168,3216
3050,3182,3334,3148,3202,3342,3243,3741,3070,3309,3383,3160,3302,3143,2812,3118,3297,2938,2981,3242,3210,3384,3083,2910,3169,3079,3078,3451,3444,2912,3010,3053,3177,3423,2996,3310,3180,3208,2982,3167,3405,3211,2942,3369,3127,3060,3139,3059,3352,2914,3214,2989,3019,3287,3003,3274,2959,3127,3244,3120,3616,3179,3445,2910,3044,3329,3156,2949,3122,3021,3359,3155,3019,3425,2954,3094,3330,3517,3079,2906,3194,3141,3054,3201,3140,2951,3277,3349,3095,3116,3166,3139,3246,3027,3422,3284,3014,3242,3050,2987,3086,3328,3078,2971,3016,3032,3037,2959,3098,3274,3105,3174,3144,3028,2994,2954,3320,3177,3316,3125,3019,3079,3195,3209,3198,2826,3120,2863,3069,3039
3126,3481,3599,3398,3582,3579,3620,4010,3265,3559,3630,3334,3505,3261,3312,3381,3531,3170,3323,3504,3495,3638,3482,3191,3576,3512,3419,3884,3698,3331,3234,3319,3535,3567,3315,3740,3418,3378,3265,3306,3535,3496,3225,3695,3438,3384,3656,3608,3772,3310,3626,3345,3083,3651,3133,3471,3109,3433,3536,3386,3756,3509,3653,3035,3302,3665,3380,3260,3276,3353,3626,3332,3442,3496,3062,3408,3341,3469,3338,3386,3474,3415,3417,3587,3388,3195,3593,3620,3263,3445,3526,3347,3382,3294,3537,3431,3394,3451,3252,3341,3282,3564,3494,3175,3455,3312,3321,3215,3392,3365,3413,3368,3536,3279,3327,3340,3560,3321,3709,3351,3314,3476,3394,3635,3249,3122,3310,3162,3289,3345
2819,2940,2968,2895,3131,3191,3106,3604,2939,3179,3124,2970,3139,2801,2759,2995,3151,2722,3018,2978,3071,3310,2986,2715,3075,2909,3082,3404,3419,2910,2775,2893,3022,3312,2931,3244,2913,2979,2807,2933,3190,3103,2838,3031,3007,3013,3090,3074,3373,2905,3286,2813,2715,3237,2897,3051,2695,2912,3088,3055,3315,2924,3201,2789,2835,3026,3048,2802,3107,2809,3180,2958,3035,3120,2628,3059,3118,3284,2968,2955,3039,2891,2873,3116,2962,2852,3276,3203,2913,2850,2994,2921,3122,2889,3339,3024,2999,3113,2747,2897,3054,3078,3112,2870,2951,2729,3056,2849,3026,2900,3120,3109,2900,2916,3072,2893,3112,2847,3143,3034,3052,2954,3017,3154,3016,2773,2912,2798,2928,2856
3151,3481,3521,3249,3506,3494,3545,3947,3167,3376,3529,3316,3343,3295,3346,3430,3649,3059,3206,3445,3439,3672,3305,2952,3502,3430,3276,3798,3859,3316,3108,3324,3441,3554,3368,3679,3289,3415,3216,3208,3482,3401,3116,3381,3319,3337,3445,3444,3715,3200,3580,3232,3042,3560,3099,3552,3113,3239,3513,3145,3811,3431,3499,3141,3253,3487,3327,3152,3257,3203,3754,3336,3216,3212,3131,3181,3402,3374,3168,3220,3479,3264,3224,3711,3292,3330,3495,3623,3234,3206,3311,3408,3341,3259,3574,3266,3182,3412,3259,3270,3131,3390,3457,3101,3443,3090,3464,3330,3548,3400,3406,3292,3160,3240,3254,3190,3383,3051,3630,3335,3282,3301,3280,3636,3251,3099,3230,3079,3162,3258
3037,3308,3464,3375,3577,3413,3556,3932,3056,3389,3569,3254,3393,3360,3068,3368,3543,3125,3242,3511,3331,3542,3417,3171,3373,3243,3398,3592,3898,3257,3059,3154,3420,3556,3400,3810,3239,3276,3129,3262,3478,3396,3155,3504,3379,3395,3346,3483,3704,3410,3576,3170,3012,3475,3133,3274,2986,3326,3519,3238,3800,3376,3719,3086,3212,3418,3274,3176,3295,3346,3672,3293,3226,3481,3263,3343,3430,3564,3386,3357,3313,3238,3360,3424,3238,3266,3630,3703,3100,3301,3332,3353,3319,3180,3581,3418,3226,3262,3216,3293,3284,3600,3476,3252,3417,3140,3408,3360,3441,3298,3372,3311,3411,3402,3378,3282,3348,3271,3650,3337,3404,3371,3232,3672,3253,3226,3309,3097,3202,3340
3087,3277,3235,3215,3304,3307,3451,3815,3020,3293,3426,3386,3289,3153,3083,3270,3405,3091,3134,3261,3353,3514,3354,3057,3385,3259,3095,3629,3694,3241,2953,3231,3213,3510,3185,3468,3170,3480,3257,3153,3427,3281,3235,3453,3196,3257,3385,3347,3574,3088,3328,2979,2814,3596,2975,3238,2795,3434,3384,3155,3830,3205,3437,3041,3226,3409,3234,3094,3148,3135,3514,3088,3267,3279,2917,3431,3361,3415,3157,3047,3133,3180,3375,3411,3118,3146,3398,3467,3120,3200,3319,3270,3185,3001,3477,3235,3113,3243,3110,3084,3155,3418,3369,3057,3194,3038,3208,3026,3320,3107,3256,3170,3204,3301,3263,3129,3350,2987,3471,3057,3129,3191,3117,3596,3079,3028,3062,2980,3070,3213
3221,3395,3395,3426,3519,3554,3505,3932,3029,3381,3440,3369,3305,3140,3213,3209,3561,3109,3213,3536,3405,3631,3240,3037,3419,3411,3243,3686,3792,3329,3158,3131,3382,3610,3405,3562,3106,3318,3144,3162,3496,3411,3021,3500,3383,3421,3470,3416,3694,3264,3574,3230,3213,3655,3086,3395,3071,3323,3548,3115,3730,3353,3617,3037,3290,3481,3265,3261,3349,3212,3562,3188,3174,3400,2983,3337,3496,3626,3169,3149,3256,3190,3230,3427,3189,3123,3582,3424,3109,3125,3247,3376,3453,3082,3471,3260,3245,3333,3272,3213,3030,3542,3329,3266,3363,3131,3285,3216,3479,3300,3367,3297,3247,3300,3291,3181,3430,3226,3612,3336,3249,3290,3321,3425,3116,3105,3275,3092,3161,3310
3147,3351,3301,3400,3429,3614,3588,3978,3205,3387,3701,3300,3446,3377,3089,3388,3486,3147,3254,3412,3375,3630,3385,3044,3551,3356,3376,3832,3788,3211,3085,3282,3430,3555,3546,3661,3255,3368,3258,3162,3429,3426,3061,3642,3225,3361,3430,3489,3610,3243,3564,3212,3083,3547,2950,3425,2983,3371,3615,3277,3810,3284,3656,3132,3286,3516,3313,3049,3312,3403,3715,3402,3222,3361,3003,3405,3499,3521,3295,3034,3428,3142,3312,3470,3198,3216,3518,3815,3262,3145,3313,3346,3394,3094,3520,3300,3291,3393,3270,3143,3234,3446,3442,3162,3353,3265,3382,3293,3458,3420,3456,3391,3462,3213,3370,3195,3231,3172,3801,3102,3301,3305,3513,3577,3269,3246,3169,3048,3153,3171
3086,3290,3431,3276,3659,3444,3586,4021,3172,3511,3706,3350,3455,3320,3225,3332,3606,3025,3207,3458,3446,3669,3235,3175,3423,3365,3310,3838,3814,3313,3259,3380,3396,3585,3515,3680,3410,3343,3342,3168,3532,3490,3102,3428,3527,3221,3313,3344,3778,3268,3522,3182,2928,3597,3070,3326,2943,3268,3410,3349,3806,3396,3776,2992,3435,3536,3410,3313,3351,3315,3730,3341,3245,3550,3154,3378,3558,3595,3353,3276,3439,3402,3449,3469,3289,3268,3315,3582,3160,3312,3433,3271,3396,3356,3496,3444,3269,3502,3211,3225,3127,3410,3425,3257,3399,3189,3407,3159,3261,3317,3496,3473,3427,3143,3308,3165,3356,3179,3675,3228,3382,3373,3333,3634,3283,3167,3370,3090,3228,3365
3031,3165,3194,3165,3235,3442,3351,3708,2969,3345,3332,3208,3338,3133,2985,3176,3178,2820,2964,3110,3393,3484,3205,2900,3307,3089,3085,3444,3520,3095,2932,3162,3223,3313,3171,3355,3226,3158,3010,3183,3399,3160,2931,3218,3144,3218,3168,3241,3505,3142,3590,3085,2939,3345,2997,3327,2847,2989,3191,2979,3592,3199,3499,2878,3128,3342,3277,3075,3304,3005,3411,3051,3116,3464,3002,3125,3318,3399,3163,3111,3354,2997,2983,3363,3002,3019,3352,3451,3155,3042,3173,3167,3201,3075,3473,3225,3113,3252,3059,3108,3099,3435,3233,3000,3194,2862,3156,2963,3447,3207,3301,3215,3305,3209,3203,3024,3278,3048,3335,3130,3113,3155,3188,3398,3132,3034,3164,2976,3130,3131
2999,3289,3346,3313,3302,3208,3501,3820,2974,3173,3422,3135,3340,3076,3021,3268,3420,2845,3037,3240,3377,3332,3166,2930,3349,3195,3013,3562,3481,3181,3045,3127,3348,3420,3272,3352,3190,3115,3198,3166,3332,3368,2978,3443,3335,3224,3217,3223,3462,3069,3420,3108,2905,3426,3001,3279,3076,3193,3338,3101,3530,3246,3552,3012,3038,3329,3306,3058,3157,3120,3487,3132,3039,3427,2970,3159,3330,3349,3007,3111,3135,3186,3254,3229,3191,2822,3341,3419,3094,3153,3193,3063,3231,2999,3417,3214,3000,3296,3117,3084,2993,3481,3333,3122,3055,3049,3116,2930,3248,3181,3321,3316,3325,3122,3172,3140,3363,3136,3462,3268,3122,3076,3114,3369,3237,2766,3039,3050,3032,3304
3058,3361,3228,3340,3502,3469,3573,3886,3072,3460,3494,3160,3400,3216,3137,3278,3532,3060,3322,3481,3555,3648,3267,2903,3356,3345,3264,3655,3743,3059,3175,3232,3367,3513,3209,3433,3122,3341,3267,3220,3344,3456,3014,3570,3353,3371,3471,3275,3552,3080,3517,3120,3174,3532,3065,3506,2934,3316,3461,3350,3775,3301,3554,3196,3091,3391,3316,3243,3339,3307,3721,3270,3225,3386,2932,3323,3383,3503,3194,3128,3320,3266,3314,3546,3220,3131,3402,3476,3227,3141,3324,3226,3529,3070,3544,3370,3260,3409,3225,3116,3230,3452,3492,3226,3294,3153,3324,3151,3323,3385,3304,3322,3349,3175,3303,3108,3420,3023,3507,3266,3322,3261,3221,3609,3170,2887,3136,3190,3133,3271
3050,3466,3451,3341,3499,3566,3596,3918,3303,3496,3472,3354,3483,3334,3164,3451,3555,3146,3450,3443,3597,3694,3334,3081,3512,3342,3352,3793,3707,3194,3130,3212,3453,3708,3440,3563,3426,3394,3354,3279,3612,3420,3167,3624,3523,3354,3535,3423,3662,3286,3693,3143,3148,3585,3169,3472,3007,3406,3439,3368,3856,3292,3729,3107,3278,3567,3439,3159,3518,3408,3608,3268,3289,3561,3245,3311,3492,3739,3251,3288,3449,3254,3449,3453,3354,3220,3582,3621,3155,3264,3371,3198,3372,3206,3477,3482,3225,3518,3195,3205,3335,3666,3491,3214,3199,3251,3313,3231,3306,3419,3433,3405,3424,3304,3452,3265,3457,3253,3714,3335,3429,3421,3425,3555,3279,3102,3324,3120,3225,3344
3081,3316,3298,3217,3433,3439,3491,3923,3102,3499,3447,3392,3365,3349,3052,3266,3460,2902,3281,3409,3454,3518,3232,2901,3273,3300,3216,3667,3753,3179,3105,3173,3370,3630,3356,3456,3294,3204,3237,3204,3612,3486,3038,3397,3229,3232,3298,3369,3684,3156,3413,2982,2946,3539,3141,3319,3056,3141,3385,3170,3769,3263,3640,2933,3097,3471,3191,3182,3321,3217,3559,3247,3164,3412,3033,3310,3274,3414,3291,3105,3438,3233,3289,3336,3164,3077,3336,3392,3222,3264,3357,3172,3285,3435,3478,3280,3355,3387,3056,3237,3142,3375,3370,3287,3177,3051,3357,3015,3222,3161,3413,3330,3297,3090,3190,3105,3361,3160,3544,3164,3222,3342,3355,3363,3230,2965,3231,3017,3182,3208
2935,3359,3193,3280,3283,3390,3413,3852,2986,3295,3388,3233,3200,3207,2976,3477,3407,3048,3232,3251,3506,3496,3134,3047,3447,3240,3214,3719,3597,3045,3014,3208,3303,3359,3296,3439,3337,3195,3165,3106,3525,3343,2863,3564,3277,3296,3354,3332,3600,3080,3423,2961,2923,3518,2933,3426,2996,3227,3417,3349,3686,3372,3649,3098,3243,3403,3134,2973,3332,3201,3531,3259,3125,3506,3138,3183,3336,3478,3077,2901,3333,3191,3265,3257,3146,3036,3283,3478,3134,3000,3222,3150,3228,3128,3303,3271,3265,3356,3096,2985,3052,3536,3319,3048,3244,3105,3325,3128,3277,3362,3351,3307,3202,3135,3381,3284,3324,3049,3508,3187,3283,3253,3307,3320,3178,2972,3140,2936,3205,3154
3113,3554,3579,3574,3509,3701,3531,4155,3374,3577,3712,3505,3562,3555,3288,3456,3640,3193,3393,3467,3423,3657,3583,3248,3466,3523,3470,3870,3959,3378,3131,3424,3560,3670,3274,3970,3503,3661,3220,3458,3724,3418,3427,3649,3365,3286,3579,3588,3699,3364,3744,3237,3190,3616,3088,3481,3089,3429,3598,3403,4001,3382,3758,3144,3327,3641,3447,3249,3491,3327,3714,3415,3491,3637,3317,3425,3670,3776,3421,3349,3702,3428,3485,3549,3461,3332,3506,3624,3269,3417,3468,3362,3555,3300,3709,3440,3267,3645,3345,3330,3350,3571,3542,3336,3256,3289,3471,3356,3402,3372,3583,3480,3495,3393,3530,3391,3555,3409,3718,3396,3479,3544,3471,3731,3449,3283,3516,3156,3305,3432
3185,3429,3395,3255,3503,3508,3528,3906,3322,3508,3445,3295,3471,3204,3207,3377,3462,3046,3231,3386,3509,3697,3280,3123,3475,3190,3337,3776,3702,3316,3054,3269,3512,3510,3377,3649,3278,3278,3211,3309,3504,3498,3076,3659,3422,3300,3473,3447,3628,3265,3582,3102,3157,3628,3240,3344,3102,3430,3440,3316,3985,3323,3646,2933,3432,3491,3316,3236,3402,3199,3514,3266,3297,3464,3121,3481,3333,3466,3282,3422,3466,3284,3291,3623,3122,3279,3527,3647,3193,3215,3412,3478,3394,3225,3623,3399,3313,3418,3275,3315,3309,3496,3496,3094,3369,3055,3385,3252,3425,3207,3487,3313,3383,3379,3349,3230,3348,3152,3489,3401,3375,3333,3353,3550,3338,3089,3262,3227,3278,3201
2972,3258,3207,3198,3437,3441,3525,3752,2970,3377,3386,3172,3325,3242,2971,3193,3431,2909,3028,3320,3474,3389,3068,2998,3265,3283,3251,3510,3639,3286,3128,3227,3385,3535,3402,3364,3306,3111,3205,3117,3400,3330,3034,3427,3289,3357,3329,3375,3458,3337,3516,3049,2937,3480,3053,3488,3009,3305,3409,3208,3555,3325,3538,2959,3284,3323,3149,3207,3280,3275,3543,3134,3058,3370,3100,3160,3270,3492,3145,3174,3367,3233,3411,3409,3210,3142,3371,3519,3180,3224,3109,3159,3246,3139,3401,3352,3168,3275,3149,2988,3038,3348,3370,3141,3221,3121,3276,3114,3357,3318,3318,3415,3240,2993,3122,3195,3297,3219,3520,3138,3216,3289,3164,3444,3129,3016,3189,3053,2985,3096
3040,3281,3427,3245,3348,3430,3480,3917,3160,3337,3539,3291,3447,3324,3073,3228,3394,3056,3255,3188,3423,3439,3278,3051,3346,3298,3325,3605,3617,3227,3040,3327,3438,3596,3241,3444,3309,3179,3174,3166,3374,3455,3085,3582,3271,3262,3411,3208,3525,3095,3514,3091,2972,3534,3022,3370,3002,3288,3377,3157,3744,3294,3593,3081,3214,3405,3333,3242,3322,3177,3508,3233,3194,3407,2950,3105,3336,3352,3125,3117,3390,3233,3263,3443,3158,3090,3235,3488,3097,3363,3236,3214,3141,3211,3524,3275,3091,3368,3251,3270,3090,3307,3282,3067,3254,3158,3368,3033,3146,3223,3448,3357,3363,3204,3241,3064,3426,3214,3479,3195,3171,3192,3133,3434,3247,3058,3073,3164,3304,3220
2836,3115,3349,3035,3229,3292,3356,3766,2897,3318,3228,3078,3170,3167,2952,3041,3458,2786,3075,3082,3172,3309,3089,2967,3200,3107,3101,3567,3539,3089,2903,3105,3286,3401,3170,3358,3145,3105,3059,3099,3190,3257,3122,3463,3311,3262,3226,3304,3386,3043,3424,3029,2796,3311,2933,3171,2867,3120,3273,3155,3551,3175,3387,2808,3011,3285,3276,3050,3135,3210,3511,3048,3021,3324,3012,3101,3223,3336,3052,3097,3155,3212,3053,3260,3035,2933,3172,3359,2988,3118,3183,3146,3076,2945,3403,3271,2978,3327,3159,3066,3025,3220,3305,2940,3149,3088,3105,3023,3265,3119,3314,3075,3279,3039,3141,3022,3090,3068,3351,3178,3110,3163,3097,3358,3044,2961,3113,2883,2973,3078
3176,3439,3451,3426,3555,3572,3484,3939,3292,3577,3677,3398,3600,3362,3272,3510,3647,3177,3334,3517,3581,3685,3253,2987,3625,3373,3488,3752,3836,3436,3326,3410,3370,3645,3424,3593,3516,3452,3294,3356,3677,3567,2987,3595,3509,3375,3573,3499,3801,3406,3620,3482,3083,3546,3200,3640,3091,3426,3593,3421,3844,3360,3702,3279,3448,3644,3378,3318,3406,3436,3792,3280,3421,3566,3242,3381,3489,3537,3421,3372,3559,3461,3410,3704,3356,3241,3533,3703,3271,3394,3440,3367,3418,3189,3631,3338,3417,3589,3436,3382,3113,3538,3403,3160,3591,3427,3559,3399,3520,3417,3565,3488,3470,3163,3392,3342,3474,3242,3878,3279,3339,3436,3390,3616,3420,3233,3220,3167,3151,3318
2873,3213,3213,3149,3453,3270,3390,3833,3067,3352,3326,3078,3241,3108,2945,3102,3374,3062,3262,3300,3385,3489,3187,3084,3269,3107,3269,3565,3612,3024,3158,2974,3258,3456,3260,3440,3118,3081,3028,3147,3342,3219,2999,3383,3288,3156,3279,3161,3452,3101,3377,3041,2982,3434,3000,3283,2818,3038,3263,3052,3582,3156,3460,2859,3167,3464,3229,3039,3251,3321,3369,3177,3060,3364,2930,3144,3343,3381,3153,3219,3272,3081,3124,3363,3022,3086,3389,3378,3028,3074,3190,3162,3106,3069,3373,3191,3106,3152,3166,3093,3108,3388,3195,2974,3399,3179,3189,3083,3292,3180,3299,3158,3330,3212,3104,2911,3176,2963,3360,2999,3170,3136,3045,3338,2996,3147,3280,2819,3064,3164
3017,3065,3144,3008,3158,3159,3220,3659,2911,3224,3307,3123,3096,2920,3067,3139,3199,2777,2931,3115,3113,3333,2872,2832,3078,2968,2997,3339,3484,3096,2871,3106,3155,3257,3086,3234,3160,3076,2994,2958,3298,3127,2755,3266,3237,2956,3139,3070,3444,3037,3297,2920,2758,3223,2798,3104,2753,3042,3299,2946,3477,2995,3240,2823,3033,3246,3076,2850,3128,3029,3333,2941,3089,3280,2787,2895,3214,3290,2927,2921,3217,2991,2984,3174,2980,2947,3133,3240,3001,2908,3009,2994,3169,2961,3181,3057,2942,3202,2921,2989,2986,3148,3151,2882,3039,2970,3037,2928,3045,2956,3230,3165,3242,2981,3119,2832,3317,2843,3256,3061,3015,3099,2983,3431,2990,2922,2900,2902,2958,3107
3067,3431,3427,3542,3515,3588,3524,3937,3302,3548,3666,3395,3561,3323,3193,3401,3518,2972,3350,3473,3558,3627,3490,3152,3488,3445,3364,3816,3783,3278,3178,3271,3526,3540,3248,3618,3408,3458,3298,3479,3406,3430,3229,3676,3433,3297,3487,3504,3670,3235,3671,3311,3186,3597,3248,3447,3129,3349,3557,3346,3820,3360,3632,3138,3307,3555,3408,3269,3448,3204,3661,3236,3393,3564,3323,3365,3350,3555,3284,3214,3487,3370,3351,3518,3316,3143,3391,3616,3164,3407,3382,3223,3381,3068,3733,3380,3277,3556,3402,3329,3275,3587,3483,3249,3367,3240,3303,3199,3362,3377,3464,3428,3487,3369,3489,3293,3546,3420,3574,3426,3403,3470,3333,3543,3287,3030,3380,3229,3352,3391
2911,3157,3138,3144,3305,3286,3364,3580,2898,3136,3304,2947,3094,2997,2995,3055,3362,2815,2859,3217,3239,3184,3074,2851,3190,3156,3030,3369,3606,3032,2944,2992,3368,3280,3063,3455,2936,2981,2981,2983,3137,3268,2790,3188,3316,3191,3326,3115,3349,3116,3490,3018,2926,3313,2870,3189,2801,3150,3102,3039,3550,3101,3399,2903,2957,3149,3194,3174,3204,3018,3442,3129,2883,3246,2882,2973,3260,3421,2938,3103,3070,2970,3156,3331,2998,2925,3271,3423,2936,2967,3102,3104,3163,3010,3346,3181,2876,3251,3179,3131,2985,3356,3144,3071,3112,2959,3214,3124,3223,3204,3214,2970,3215,3151,3068,3092,3193,2976,3521,3013,3116,2956,3056,3265,3056,3039,2914,3015,2957,3141
3069,3337,3311,3394,3510,3673,3495,3944,3281,3585,3507,3395,3334,3360,2982,3478,3510,3119,3311,3360,3444,3684,3273,3044,3430,3244,3392,3723,3773,3341,3076,3114,3383,3592,3356,3705,3356,3342,3207,3208,3485,3523,3003,3714,3348,3358,3446,3444,3742,3224,3605,3286,3078,3683,3161,3435,3024,3302,3532,3283,3830,3377,3808,3026,3305,3486,3407,3120,3392,3340,3720,3090,3328,3441,3093,3224,3447,3648,3307,3206,3393,3343,3374,3516,3344,3409,3478,3573,3009,3189,3163,3418,3494,3244,3474,3466,3346,3410,3142,3250,3206,3477,3387,3232,3249,3393,3345,3322,3481,3271,3412,3412,3280,3355,3200,3298,3440,3257,3704,3368,3341,3393,3362,3470,3338,3196,3204,3113,3162,3271
3117,3444,3290,3314,3559,3457,3553,3811,3136,3531,3457,3180,3299,3338,3038,3351,3397,2963,3266,3532,3392,3466,3134,3028,3419,3454,3279,3656,3750,3172,3057,3231,3461,3551,3238,3591,3240,3287,3126,3245,3332,3487,3031,3490,3215,3171,3610,3245,3585,3341,3662,3127,3127,3479,3037,3410,3098,3318,3421,3270,3639,3253,3700,3046,3200,3386,3191,3248,3450,3203,3604,3118,3225,3399,3101,3132,3313,3473,3242,3176,3362,3218,3325,3612,3255,3144,3430,3556,3295,3164,3293,3338,3524,3194,3469,3347,3237,3415,3196,3094,3254,3454,3405,3173,3282,3153,3361,3014,3343,3232,3117,3394,3262,3197,3260,3109,3420,3041,3607,3227,3270,3194,3343,3567,3261,3179,3176,3116,3067,3217
2953,3250,3232,3199,3453,3408,3425,3879,3080,3486,3445,3211,3383,3066,2971,3307,3431,3084,2989,3300,3278,3441,3218,3024,3303,3183,3234,3600,3591,3213,3095,3199,3259,3622,3390,3647,3072,3174,3192,3021,3411,3479,2912,3407,3353,3220,3255,3265,3529,3275,3594,3204,3055,3531,3178,3285,2877,3277,3313,3218,3789,3248,3489,2908,3154,3393,3278,3211,3165,3119,3542,3065,3125,3273,2934,3203,3385,3442,3149,3162,3284,3271,3246,3302,3147,3244,3474,3544,3143,3182,3152,3415,3393,3023,3369,3325,3242,3221,3163,3120,3112,3332,3423,3191,3182,3098,3218,3198,3395,3151,3355,3293,3227,3144,3244,3160,3356,3160,3507,3122,3294,3243,3117,3483,3093,3237,3069,2990,3148,3168
2944,3269,3276,3219,3215,3358,3368,3739,2902,3433,3339,3184,3286,3159,2998,3075,3398,3008,3042,3200,3230,3406,3206,2960,3305,3253,3108,3560,3571,3176,2888,3129,3337,3414,3252,3587,3149,2989,3070,3109,3195,3273,3021,3425,3273,3045,3352,3307,3372,3155,3433,3154,2939,3394,3058,3199,2889,3147,3390,2984,3548,3108,3422,2929,3031,3339,3216,3000,3146,3211,3457,3185,3188,3270,2922,3044,3340,3359,3056,2977,3251,2952,3342,3341,3051,2938,3364,3539,3040,3011,3236,3215,3082,2933,3388,3224,3114,3196,3090,3147,2998,3352,3239,3131,3128,3033,3307,3223,3240,3118,3219,3360,3296,3073,3180,3119,3212,3137,3449,3284,3080,3304,3038,3433,3127,3053,3142,2997,3053,3032
3358,3571,3442,3560,3660,3677,3678,4166,3420,3626,3691,3354,3578,3385,3317,3499,3636,3186,3428,3737,3766,3701,3436,3234,3670,3595,3461,3947,4018,3406,3266,3508,3706,3838,3632,3840,3500,3490,3395,3356,3691,3630,3256,3660,3689,3516,3648,3479,3833,3529,3829,3476,3220,3743,3264,3598,3171,3514,3532,3522,4052,3627,3859,3330,3552,3691,3560,3437,3492,3538,3705,3523,3324,3687,3216,3399,3752,3711,3386,3471,3713,3197,3431,3685,3352,3292,3813,3909,3365,3248,3390,3541,3566,3307,3906,3597,3498,3659,3464,3330,3170,3617,3610,3273,3626,3334,3633,3527,3610,3564,3581,3683,3560,3516,3595,3322,3541,3317,3870,3529,3538,3543,3563,3627,3441,3442,3345,3328,3302,3593
3047,3494,3253,3159,3382,3403,3461,3884,3142,3463,3430,3204,3236,3176,2991,3356,3454,3128,3160,3480,3506,3493,3202,3048,3408,3366,3156,3673,3701,3030,2977,3222,3375,3513,3261,3587,3338,3274,3047,3228,3328,3439,3102,3506,3310,3177,3453,3342,3484,3301,3515,3150,3183,3581,2965,3253,3040,3340,3360,3213,3776,3289,3662,3013,3260,3575,3316,3104,3406,3220,3608,3182,3281,3389,3139,3261,3347,3610,3247,3229,3423,3186,3297,3651,3216,3211,3482,3582,3053,3238,3380,3373,3303,3108,3534,3366,3136,3370,3233,3219,3093,3502,3359,3171,3498,3255,3185,3165,3370,3263,3295,3305,3315,3274,3325,3139,3351,2986,3613,3281,3251,3275,3215,3600,3094,3202,3259,2984,2954,3154
3062,3340,3382,3447,3471,3502,3518,4009,3247,3385,3544,3300,3339,3348,3131,3273,3521,3187,3188,3290,3450,3636,3300,3081,3398,3200,3400,3757,3770,3380,3210,3171,3328,3446,3294,3561,3268,3334,3254,3217,3552,3370,3120,3639,3335,3365,3432,3274,3607,3206,3632,3130,3140,3525,2980,3557,3020,3169,3424,3181,3862,3492,3629,2893,3261,3636,3349,3145,3369,3301,3564,3231,3105,3489,3042,3322,3498,3561,3173,3341,3621,3172,3294,3615,3248,3269,3505,3525,3170,3159,3355,3434,3399,3282,3540,3227,3163,3541,3235,3274,3235,3551,3404,3116,3341,3200,3367,3193,3386,3280,3320,3362,3420,3204,3323,3121,3415,3144,3627,3356,3278,3280,3333,3597,3386,3103,3204,3165,3179,3327
2890,3176,3245,3155,3390,3390,3411,3810,3157,3274,3418,3240,3357,3108,2959,3293,3591,3028,3075,3355,3363,3542,3244,2936,3215,3242,3146,3655,3595,3274,2961,3140,3364,3349,3266,3428,3172,3157,3043,3227,3238,3131,2987,3464,3320,3135,3279,3351,3513,3188,3538,3136,2904,3496,3020,3372,2830,3202,3503,3185,3778,3311,3432,2988,3261,3365,3264,3155,3096,3301,3483,3079,3218,3240,3005,3003,3316,3436,3244,3254,3315,3204,3270,3554,3060,3182,3357,3585,2979,3190,3206,3341,3178,3161,3447,3284,3032,3249,3053,3186,3168,3357,3275,3061,3170,3004,3261,3108,3272,3171,3253,3238,3293,3139,3257,3205,3198,3106,3544,3355,3318,3216,3324,3466,3110,2965,3180,3143,3103,3071
3081,3165,3274,3201,3353,3182,3260,3700,3008,3294,3271,3062,3266,3213,2872,3254,3335,2967,2953,3324,3384,3366,3106,2997,3216,3199,3137,3472,3507,3054,2992,3110,3143,3289,3141,3334,3263,3056,2991,3031,3178,3274,2840,3361,3180,3101,3237,3060,3349,3145,3310,3058,2895,3339,2984,3164,2949,3138,3406,3098,3539,3210,3436,2968,3130,3557,3148,3019,3197,3131,3509,3089,2910,3225,2916,3124,3226,3294,2997,2944,3302,3074,3069,3320,3157,3098,3203,3478,2879,3064,3127,3221,3248,3002,3367,3250,2980,3168,3172,2959,2997,3288,3312,3068,3175,3057,3234,3056,3146,3053,3233,3259,3255,3154,3119,3051,3290,2962,3452,3105,3123,3289,3033,3333,3064,2882,2944,2952,3087,3156
3028,3214,3256,3096,3329,3323,3251,3768,3018,3361,3307,3050,3320,3102,3036,3341,3214,3093,3122,3151,3184,3454,3085,2855,3260,3185,3127,3524,3378,3049,2826,3036,3346,3396,3136,3387,3238,3126,2948,3119,3274,3310,2837,3499,3249,3000,3316,3232,3357,2930,3388,3021,3042,3487,2962,3376,2843,3164,3297,3125,3712,3181,3482,2906,3116,3391,3108,2968,3224,3053,3340,3178,3053,3338,2883,2982,3212,3282,3026,2973,3210,2979,3148,3403,3058,3078,3249,3425,2961,3057,3119,3175,3260,3125,3194,3224,3014,3270,3037,3108,3103,3282,3217,3014,3155,2983,3277,3062,2999,3175,3208,3283,3169,3038,3225,3021,3310,3162,3406,3193,3364,3164,3229,3366,3227,2850,3042,2987,3078,2972
3215,3341,3335,3385,3441,3468,3540,3885,3218,3585,3441,3271,3397,3158,3170,3289,3435,3023,3123,3402,3396,3771,3218,3178,3468,3388,3284,3583,3831,3331,3141,3339,3332,3536,3250,3659,3365,3330,3142,3151,3515,3399,3041,3523,3481,3179,3532,3293,3701,3255,3527,3049,3193,3382,3226,3369,3106,3233,3352,3201,3701,3315,3610,3129,3520,3565,3379,3183,3374,3188,3422,3215,3135,3555,3218,3441,3373,3457,3155,3295,3536,3382,3267,3560,3171,3416,3490,3696,3226,3184,3458,3365,3440,3203,3585,3387,3244,3460,3200,3418,3283,3492,3597,3193,3378,3071,3342,3177,3459,3293,3300,3297,3367,3247,3367,3234,3492,3130,3485,3291,3333,3140,3175,3558,3307,3045,3300,3153,3343,3325
2887,3114,3155,3057,3227,3038,3211,3625,2903,3079,3180,3016,3225,3073,2835,3118,3314,2849,3046,3199,3368,3145,3094,2747,3291,3139,3071,3468,3476,3131,2951,3076,3151,3248,3097,3334,3184,3015,3083,2957,3215,3047,2893,3354,3196,3077,3221,3165,3154,2935,3237,3033,2827,3382,2787,3226,2864,3115,3109,3113,3475,3117,3382,2798,3024,3381,3105,2987,3103,3045,3434,3019,3081,3257,2844,3084,3122,3210,2989,2943,3146,2966,3202,3411,2912,2803,3028,3335,2843,3006,3146,2959,3134,2958,3192,3339,2956,3213,2945,3048,2819,3254,3066,2984,2933,2985,3058,3069,3030,3173,3359,3240,3043,2975,3119,3058,3263,2948,3209,3170,3140,2937,3016,3227,3045,2622,3119,2893,2847,2939
3022,3423,3474,3360,3401,3374,3472,3889,3148,3431,3450,3211,3382,3279,3083,3141,3338,2988,3179,3298,3501,3462,3222,2943,3463,3407,3256,3595,3634,3208,2958,3171,3415,3442,3228,3599,3341,3291,3148,3244,3394,3282,3032,3442,3220,3238,3420,3237,3524,3231,3407,3217,3077,3591,3124,3413,2970,3245,3295,3149,3822,3179,3545,2819,3021,3465,3166,3211,3332,3144,3590,3195,3140,3438,2921,3202,3283,3243,3118,3181,3358,3122,3272,3463,3147,3007,3458,3448,3087,3272,3187,3322,3323,3067,3421,3205,3178,3162,3271,3128,3039,3364,3274,3206,3272,3169,3334,3108,3312,3269,3308,3315,3313,3163,3239,3209,3319,3195,3591,3092,3280,3276,3333,3536,3284,3057,3196,3014,3120,3178
2864,3214,3148,3157,3148,3266,3314,3776,2909,3200,3306,3096,3149,2968,2855,3177,3248,2922,2948,3178,3234,3440,2947,2932,3152,3023,2945,3629,3458,2964,2805,3171,3099,3152,3048,3280,3078,3049,2971,2933,3280,3287,2910,3442,3330,3070,3224,3141,3347,3035,3397,2898,2963,3428,2746,3131,2816,3115,3310,3084,3512,3260,3349,2799,3158,3316,3046,2912,3144,3089,3324,3185,2972,3157,2837,3017,3151,3323,2941,2900,3141,3114,3138,3307,3030,2902,3127,3384,3105,2947,3256,3142,3222,2967,3223,3127,2971,3268,3042,2988,3056,3229,3201,2910,2936,3054,3142,2876,2985,3028,2998,3191,3154,2916,3169,2973,3185,2903,3526,2961,3158,3158,3184,3220,2901,2900,2932,2707,2952,3008
3061,3272,3402,3154,3338,3268,3305,3750,3019,3437,3411,3061,3289,3289,3045,3275,3388,3017,3101,3207,3390,3530,3186,2982,3380,3146,3222,3600,3613,3010,2950,3155,3417,3421,3255,3487,3249,3121,2984,3144,3339,3299,3069,3338,3123,3255,3261,3290,3557,3129,3364,3026,2961,3342,3050,3320,3046,3187,3346,3062,3698,3251,3390,2831,3136,3506,3310,2916,3157,3087,3515,3136,3051,3293,3009,3271,3120,3412,3162,3194,3200,3262,3111,3441,3213,3184,3519,3462,3016,3197,3152,3341,3218,3078,3453,3220,3109,3171,3134,3103,3080,3316,3419,2949,3280,3019,3258,3120,3318,3135,3305,3239,3215,3166,3016,2990,3310,2920,3400,3329,3104,3141,3074,3387,3083,3055,3173,3062,3037,3148
2922,3171,3218,3179,3336,3371,3393,3779,3004,3398,3237,3122,3169,3211,2880,3176,3249,3011,3095,3168,3352,3464,3217,2840,3286,3159,3038,3558,3496,2951,2977,3062,3306,3441,3251,3399,3186,3275,3026,3116,3317,3250,2993,3313,3031,3043,3300,3135,3449,3126,3402,3024,2833,3457,2887,3263,2962,3213,3384,3257,3713,3237,3607,2889,3076,3403,3095,3007,3129,3169,3509,3138,3026,3397,2943,3177,3270,3289,3001,3042,3384,3096,3148,3164,3081,3124,3413,3407,2899,3119,3146,3211,3245,3123,3360,3298,3255,3206,3095,3073,3002,3390,3259,2969,3236,3056,3319,2937,3154,3175,3294,3247,3056,3147,3222,3004,3307,2995,3597,3110,3125,3179,3308,3219,3070,2941,3132,2903,3065,3154
2904,2989,3002,3093,3167,3275,3257,3563,2910,3161,3151,3013,3129,2896,2892,2914,3390,2656,2874,3038,3032,3187,2911,2788,2920,2971,2921,3402,3429,2987,2979,3014,3058,3276,3136,3216,2915,2973,2854,2885,3115,3135,2792,3226,3038,3044,3130,2986,3397,2917,3256,2885,2736,3203,2879,3081,2775,2959,3299,2968,3410,3093,3271,2829,3047,3198,3048,2900,3068,2998,3070,2929,2903,3094,2742,3074,3118,3280,2854,2944,3152,2893,3043,3108,2870,2913,3205,3166,2918,2969,2967,3134,3103,2989,3115,3057,2964,3136,2924,2818,2870,3067,3067,2824,2913,2857,3007,2794,3069,2812,3157,3108,3040,3007,3013,2953,3138,2848,3351,3009,2899,2997,3089,3092,3001,2886,2808,2840,2861,3136
3241,3364,3334,3496,3588,3452,3552,4067,3166,3479,3611,3398,3501,3262,3203,3379,3586,3109,3453,3535,3322,3564,3239,3138,3473,3480,3378,4002,3912,3357,3210,3336,3613,3675,3432,3749,3489,3367,3223,3292,3361,3410,3181,3636,3516,3284,3552,3328,3607,3244,3539,3349,3015,3698,3073,3528,2984,3410,3522,3591,3973,3297,3667,3070,3228,3630,3472,3147,3274,3344,3723,3411,3279,3606,3107,3285,3604,3365,3390,3260,3556,3255,3423,3578,3269,3142,3596,3552,3076,3190,3168,3339,3483,3287,3385,3356,3345,3533,3304,3227,3140,3502,3494,3208,3320,3239,3529,3446,3314,3394,3524,3496,3398,3340,3281,3231,3628,3353,3748,3399,3456,3227,3365,3698,3395,3271,3325,3152,3238,3345
2640,2870,2879,2872,3098,3067,3000,3435,2614,2874,3067,2751,3053,2825,2742,2894,3028,2699,2919,2911,2939,3121,2889,2700,2964,3023,2836,3291,3330,2733,2785,2842,3001,3173,2929,3078,3006,2785,2774,2752,2938,2931,2755,3135,2922,3007,2893,2983,3037,2738,3053,2789,2440,3024,2559,3005,2548,2914,2989,2874,3189,3021,3111,2637,2916,3114,3046,2885,2807,2861,2982,2903,2716,2974,2563,2852,3047,3061,2815,2876,2914,2809,2956,2998,2705,2634,3233,3207,2733,2763,2750,2871,2806,2762,3075,3063,2835,2826,2708,2678,2802,2907,2919,2853,2812,2695,2853,2732,2993,2984,2904,2947,2914,2716,2769,2892,2792,2856,3146,2768,3008,2844,2881,3047,2727,2664,2829,2821,2761,2825
2663,2933,3123,2934,3054,3077,2974,3531,2884,3059,3166,3023,2961,2883,2760,2969,3200,2764,2826,3077,3071,3204,2901,2840,3107,2789,2935,3192,3353,2806,2855,2875,3038,3213,2924,3232,2965,2964,2756,2831,3221,2989,2633,3163,2966,2828,2912,2998,3196,2922,3201,2725,2798,3111,2858,2977,2666,2896,3059,2871,3427,3000,3325,2693,2908,3132,2838,2918,3007,2776,3383,2963,2686,3096,2829,2963,3017,3150,2915,2900,3155,2900,2959,3132,2905,2833,3094,3200,2740,2762,3000,3027,3077,2906,3022,2955,2805,2979,2938,3004,2983,3206,3056,2818,2909,2848,2981,2814,2986,3048,3026,2933,2884,2862,2940,2805,3206,2849,3344,2905,2984,2903,2847,3127,2805,2786,2855,2706,2894,2849
3215,3389,3474,3431,3611,3670,3547,3997,3277,3530,3577,3323,3514,3392,3252,3288,3570,3223,3232,3431,3594,3723,3386,3229,3622,3407,3410,3796,3846,3353,3357,3284,3406,3751,3360,3682,3405,3246,3318,3524,3597,3580,3222,3527,3670,3441,3556,3516,3723,3340,3631,3428,3132,3561,3228,3418,3058,3416,3480,3227,3884,3402,3866,3138,3582,3651,3571,3400,3591,3280,3644,3414,3376,3773,3295,3566,3624,3730,3342,3423,3502,3260,3559,3666,3311,3201,3569,3857,3189,3321,3536,3539,3316,3293,3764,3532,3196,3582,3408,3508,3367,3756,3466,3350,3430,3170,3452,3292,3655,3412,3549,3547,3528,3319,3467,3283,3446,3338,3602,3459,3488,3406,3323,3798,3448,3206,3548,3131,3327,3325
2778,3175,3120,2853,3280,3258,3280,3518,2969,3322,3159,3035,3140,3083,2866,3096,3213,2923,3011,3040,3135,3408,2925,2755,3299,3217,2967,3528,3399,2949,2839,3079,3216,3317,3071,3255,3056,2974,2956,2969,3161,3282,2882,3301,3055,2991,3037,3350,3293,3057,3298,2915,2882,3166,2825,3088,2827,2890,3282,2971,3478,3143,3218,2760,3186,3207,3176,2840,3133,3111,3255,3028,2959,3021,2874,3010,3153,3311,3006,2980,3278,3173,2974,3269,3090,2925,3294,3373,2903,3027,3111,3130,3084,3020,3140,3127,3008,3184,2942,2902,2956,3153,3168,2893,3090,2886,3107,2904,3113,3001,3145,3143,3069,3053,2888,2921,3129,2938,3362,3106,3114,3008,2969,3239,3071,2952,2966,2967,2921,2892
3153,3119,3131,3132,3297,3377,3317,3615,3005,3228,3172,3127,3250,3034,3009,3112,3192,2739,3130,3222,3286,3438,3049,2967,3241,3274,3063,3518,3500,3099,2914,3144,3177,3331,3023,3146,3147,3103,3075,3017,3184,3210,3025,3271,3186,2987,3321,3251,3392,3062,3338,3028,2742,3289,2790,3156,2823,3082,3310,2943,3564,3188,3317,2912,3185,3367,3069,3038,3138,3178,3353,3107,3080,3220,2827,3107,3200,3213,3003,3033,3267,3039,3154,3331,2965,2919,3293,3431,2997,2924,3094,3181,3095,3056,3401,3269,3084,3202,2880,3008,3086,3167,3155,2932,3087,2973,3235,2714,3098,3028,3128,3254,3241,2902,3037,2926,3183,2993,3520,3067,3160,3040,3169,3301,3086,2894,3041,2866,3027,3086
3002,3222,3390,3281,3446,3576,3534,3902,3062,3442,3530,3289,3489,3255,3202,3392,3549,2958,3166,3343,3348,3604,3316,2927,3401,3426,3354,3666,3843,3162,3134,3315,3405,3534,3254,3645,3425,3249,3135,3172,3279,3393,3221,3527,3302,3239,3398,3399,3639,3197,3627,3218,3068,3520,3072,3286,2940,3239,3539,3360,3741,3385,3632,3053,3159,3405,3432,3144,3259,3332,3649,3361,3205,3327,3157,3175,3536,3364,3222,3245,3383,3437,3284,3486,3309,3287,3573,3605,3036,3110,3278,3253,3384,3174,3500,3227,3124,3359,3138,3203,3101,3369,3337,3053,3263,3158,3522,3188,3364,3257,3426,3256,3401,3247,3280,3256,3422,3242,3756,3346,3257,3353,3253,3540,3226,3198,3143,3267,3182,3384
2985,3261,3303,3180,3250,3329,3295,3617,3072,3351,3331,3078,3360,3079,2981,3107,3303,2821,3172,3241,3342,3476,3157,2873,3399,3176,3143,3696,3476,3262,3017,3213,3219,3403,3180,3265,3168,3187,3029,3197,3466,3221,2962,3428,3338,3132,3341,3219,3434,3044,3360,3130,2930,3372,2955,3336,3047,3121,3297,3223,3565,3174,3286,2954,3029,3338,3088,3047,3118,3078,3456,3086,3201,3224,2826,2995,3131,3297,3060,3066,3384,3055,3134,3305,3069,2973,3323,3285,3055,3058,3201,3022,3211,3130,3308,3242,3161,3203,3023,3099,3006,3273,3172,2848,3169,3030,3185,3088,3024,3136,3299,3337,3249,3022,3158,2960,3365,3111,3326,3293,3141,3163,3141,3232,3063,2958,3010,2961,3017,3040
3161,3395,3245,3357,3447,3502,3297,3783,3295,3496,3424,3261,3408,3149,3025,3310,3559,2956,3127,3320,3451,3532,3235,3052,3478,3371,3193,3477,3680,3293,3050,3110,3309,3470,3160,3449,3196,3234,3048,3148,3468,3307,2986,3448,3326,3112,3560,3417,3593,3109,3602,3188,3100,3475,2983,3386,2954,3194,3458,3190,3642,3162,3572,3244,3156,3433,3170,3163,3330,3170,3567,3199,3226,3338,3186,3191,3394,3447,3153,3060,3545,3179,3260,3564,3142,3181,3495,3580,3141,3231,3392,3344,3378,3148,3548,3197,3232,3275,3175,3301,3262,3435,3350,3095,3334,3091,3295,3183,3360,3245,3291,3200,3298,3222,3252,3162,3379,3059,3621,3232,3322,3223,3256,3352,3257,3040,3238,3111,3263,3102
2814,3224,3362,3286,3363,3512,3424,3867,3026,3452,3531,3355,3318,3166,3036,3254,3538,3112,3271,3238,3318,3516,3147,3049,3267,3229,3318,3520,3578,3340,3107,3329,3193,3486,3234,3539,3338,3238,2927,3362,3588,3319,3271,3667,3296,3246,3454,3286,3543,3157,3461,3130,3007,3348,3045,3289,2922,3336,3430,3243,3700,3250,3504,3049,3303,3620,3322,3006,3324,3117,3492,3004,3228,3442,3140,3218,3362,3515,3210,3040,3366,3277,3261,3268,3199,3183,3273,3480,3062,3101,3232,3294,3353,3116,3380,3343,3249,3364,3191,3092,3047,3498,3328,3062,3113,2938,3199,3187,3402,3278,3237,3341,3340,3323,3397,3144,3371,3114,3498,3476,3232,3382,3085,3454,3180,3114,3322,3130,3105,3307
3094,3428,3233,3382,3465,3425,3505,4034,3312,3337,3551,3306,3531,3234,3155,3406,3505,3009,3248,3430,3533,3564,3349,3036,3489,3400,3431,3747,3722,3296,3242,3238,3434,3558,3355,3615,3311,3293,3240,3288,3543,3312,2960,3446,3390,3376,3373,3468,3623,3331,3488,3160,2922,3647,3165,3457,2987,3358,3435,3381,3872,3445,3719,3099,3446,3564,3352,3190,3274,3202,3586,3346,3165,3527,3203,3364,3504,3372,3279,3369,3427,3268,3416,3586,3104,3024,3453,3620,3250,3217,3259,3412,3298,3238,3530,3242,3313,3479,3117,3143,3154,3556,3434,3140,3499,3034,3396,3199,3514,3394,3421,3387,3387,3271,3297,3274,3502,3132,3703,3179,3299,3226,3298,3561,3284,3079,3285,3173,3106,3242
2819,3217,3143,2984,3179,3164,3241,3667,2894,3248,3138,3076,3089,2967,2903,3081,3112,2735,3057,3163,3077,3268,3135,2896,3127,3102,3174,3446,3456,3059,2762,2955,3308,3326,3168,3428,3077,3046,2841,2887,3295,3106,2914,3257,3094,3106,3152,3160,3414,3122,3379,2859,2775,3391,2918,2989,2697,2989,3024,2949,3612,3035,3361,2768,3052,3168,3120,3015,2993,2992,3178,2976,2932,3244,2872,2917,3290,3233,3086,3005,3059,3038,3095,3253,2946,2996,3291,3444,2988,3000,3036,3062,2915,3042,3300,3012,2997,3112,3043,3062,2934,3203,3124,2959,3178,2864,3127,3061,3061,2989,3072,3094,3009,3040,3003,3044,3084,2948,3249,3108,3056,3113,2903,3277,2973,2978,3069,2838,3056,3001
2929,3212,3213,3169,3380,3261,3206,3709,3161,3228,3300,3154,3356,3039,3069,3214,3457,3063,3088,3219,3309,3411,3227,2845,3425,2982,3013,3570,3483,3126,3069,3028,3174,3376,3229,3286,3234,3179,2950,3236,3533,3231,2924,3274,3228,3250,3358,3237,3530,2968,3453,3106,2895,3322,2852,3261,2894,3174,3328,3138,3653,3199,3650,3051,3277,3426,3117,2982,3235,3152,3376,3136,3247,3404,3168,3146,3282,3450,3206,3088,3395,3056,3134,3459,2967,3071,3303,3439,2971,3204,3205,3084,3131,3124,3407,3141,3124,3392,3201,3160,3050,3426,3267,2951,3282,2999,3066,3149,3197,3148,3339,3195,3238,3158,3270,3079,3384,2942,3395,3233,3139,3160,3106,3467,3010,2995,3326,2924,2999,3098
2866,3087,3227,2989,3208,3175,3218,3508,2807,3156,3090,3162,3131,2835,2922,3114,3264,2889,2863,3065,3137,3091,3100,2780,3251,2977,3002,3384,3444,3049,2912,2939,2940,3087,2904,3131,3013,3087,2792,2983,3147,3073,2727,3278,3119,3112,3071,3088,3291,2917,3271,3028,2742,3212,2949,3069,2820,3028,3184,2939,3429,3095,3155,2844,3056,3138,3112,2977,2989,2930,3192,2865,3040,3146,2733,3034,3065,3251,2938,2996,3175,3095,3041,3193,3059,2911,3171,3320,2893,3051,3094,3015,3015,2855,3408,3007,2904,3078,2951,2944,2897,3285,3032,2767,3111,2842,3049,2933,3204,2929,3309,3056,3079,3144,3000,2994,3246,2789,3277,3054,2929,3009,2972,3266,2906,2717,2976,2716,2951,3067
2959,3225,3162,3289,3383,3302,3303,3799,3219,3286,3358,3177,3291,3191,2916,3151,3474,2952,3075,3311,3312,3445,3259,2882,3247,3211,3067,3625,3603,3158,2918,3082,3198,3372,3229,3491,3237,3163,3031,3116,3302,3281,3066,3233,3179,3124,3301,3311,3541,3116,3286,3101,2903,3466,2947,3325,3022,3155,3195,3187,3576,3212,3589,2925,3050,3219,3073,3043,3144,3046,3432,3161,3241,3337,3056,3166,3230,3380,3211,3108,3183,3089,3268,3329,3069,2929,3321,3320,2924,3109,3193,3259,3182,3103,3325,3264,3223,3283,3075,3049,3003,3384,3236,3010,3234,2967,3130,3118,3325,3186,3178,3284,3149,3105,3102,3001,3221,3011,3378,3149,3166,3111,3124,3479,3203,2938,3226,2810,2873,3117
3018,3137,3304,3313,3408,3479,3403,3924,3078,3459,3442,3335,3371,3254,3055,3363,3485,3129,3109,3215,3345,3415,3352,3061,3380,3242,3280,3404,3800,3196,3104,3091,3325,3400,3218,3557,3292,3338,3017,3268,3360,3226,3091,3493,3199,3303,3387,3337,3625,3174,3626,3157,3008,3531,3098,3522,2893,3218,3382,3204,3617,3241,3506,2906,3245,3353,3216,3212,3229,3179,3572,3063,3302,3395,3184,3272,3316,3532,3183,3146,3290,3243,3390,3414,3215,3190,3412,3571,3087,3246,3191,3231,3390,3104,3501,3352,3083,3270,3172,3198,3143,3392,3421,3075,3253,3109,3338,3135,3427,3219,3447,3314,3352,3293,3308,3165,3514,3202,3492,3239,3245,3307,3319,3514,3183,3055,3354,3077,3073,3279
3065,3473,3354,3432,3598,3565,3675,3992,3252,3606,3469,3430,3504,3538,3048,3377,3597,3080,3241,3631,3431,3643,3227,3107,3360,3386,3502,3913,3794,3372,3370,3380,3500,3674,3387,3665,3257,3329,3230,3360,3505,3507,3158,3680,3398,3424,3539,3355,3727,3330,3739,3328,3020,3519,3162,3570,3203,3411,3569,3289,3858,3586,3688,3069,3420,3663,3326,3246,3398,3421,3505,3268,3297,3611,3120,3312,3448,3621,3307,3335,3509,3293,3386,3615,3293,3215,3364,3634,3244,3299,3329,3375,3408,3369,3578,3451,3410,3592,3382,3153,3166,3518,3587,3239,3354,3254,3389,3297,3463,3251,3559,3505,3518,3397,3330,3217,3506,3263,3670,3385,3299,3384,3378,3644,3373,3278,3264,3192,3141,3364
3002,3152,3269,3192,3335,3422,3326,3692,2955,3303,3355,3227,3230,3312,2948,3158,3375,3182,3121,3248,3190,3474,3232,2903,3374,3301,3145,3571,3639,3220,3063,3038,3254,3370,3191,3418,3220,3214,3024,3105,3364,3179,3043,3367,3200,3104,3283,3308,3589,3159,3455,3043,2966,3370,2961,3346,2799,3069,3459,3173,3599,3288,3401,2998,3147,3489,3291,2991,3223,3298,3517,3185,3141,3212,2962,3107,3400,3434,3168,3207,3349,3178,3143,3357,3095,3232,3464,3397,2973,3067,3153,3129,3251,3062,3470,3207,3041,3300,2935,3072,3126,3220,3220,2967,3339,3155,3135,3075,3171,3037,3273,3234,3190,3317,3077,3095,3400,3102,3453,3137,3117,3117,3201,3384,3101,2982,3028,3147,3176,3086
2914,3221,3289,3226,3214,3200,3214,3740,2883,3182,3250,3057,3099,2828,2927,3095,3358,2912,3040,3089,3395,3452,3098,2867,3050,3058,2962,3499,3449,2898,2895,3022,2976,3273,3027,3365,3074,2983,2943,2968,3176,3135,2881,3244,3106,3210,3173,3098,3253,2991,3218,2961,2951,3238,2720,3184,2887,3272,3245,2957,3538,3129,3366,2867,2971,3292,3084,2977,3023,2991,3386,3096,2904,3159,2807,3044,3311,3369,3004,2959,3062,2987,3151,3219,3041,3025,3309,3300,2927,3015,2969,3234,3069,2815,3387,3125,2848,3046,2935,2864,2849,3296,3010,2959,3017,2869,3035,3025,3196,3146,3093,3121,3014,3022,3028,2873,3177,2881,3381,3201,2879,3192,3006,3393,2887,2875,2981,2886,2807,3008
2748,3215,3130,2996,3154,3225,3274,3642,2858,3196,3166,3067,3118,3115,2734,3069,3262,2940,3028,3135,3079,3459,3045,2886,3172,2895,2964,3440,3400,3050,2791,3003,3162,3231,3138,3455,3117,3035,2896,2893,3256,3016,2772,3323,3129,2997,3197,3197,3333,3028,3348,2833,2979,3367,2806,3150,2827,3093,3153,2989,3497,2948,3351,2683,3114,3268,3107,2860,3066,3185,3256,2870,3011,3206,2931,2887,3059,3232,3062,2933,3119,3061,2912,3096,2981,3099,3089,3330,2802,2894,2941,3036,3039,2892,3247,3179,3037,3162,2949,3075,3043,3107,3265,2939,3188,3004,3024,2908,2976,2920,3146,3128,3138,2903,3024,2902,3135,2958,3247,3025,3129,3093,3029,3358,2929,3016,3029,2755,2869,2888
3045,3201,3119,3083,3322,3402,3311,3691,3040,3228,3239,3093,3122,2905,3041,3129,3262,2937,2984,3127,3294,3379,3080,2951,3214,3067,3119,3478,3463,3186,2980,2935,3131,3359,3213,3410,3083,3218,3002,3068,3160,3084,2866,3357,3065,3061,3230,3250,3448,2976,3329,3069,2876,3513,2866,3286,2876,3046,3288,3029,3504,3167,3536,2848,3102,3167,3204,3069,3124,3041,3383,3044,3105,3384,2947,3160,3283,3349,3030,3006,3300,3031,3217,3313,3060,2928,3357,3445,3084,3041,3107,3105,3072,3130,3404,3094,3106,3282,2950,3148,2970,3465,3125,2953,3097,2937,3292,2943,3256,3201,3171,3241,3066,2975,3138,2983,3280,3003,3433,3098,3004,3188,3221,3209,3079,2879,3064,2933,2964,3159
2561,2812,2829,2837,3112,3087,3195,3408,2684,2905,3084,2899,2962,2875,2690,2926,3048,2433,2805,2884,2868,3154,2818,2583,2926,2815,2794,3212,3225,2936,2771,2841,2982,2985,2953,3069,2871,2817,2856,2794,2762,3024,2714,3103,2899,2861,2868,2770,2994,2786,2967,2698,2584,3163,2706,2943,2549,2786,3044,2744,3251,3007,3183,2641,2803,2885,2992,2865,2871,2863,3224,2903,2665,3049,2677,2875,2915,3058,2883,2750,2768,2880,2902,3088,2667,2651,2913,3128,2729,2719,2855,2906,2881,2814,2991,2987,2795,3033,2718,2829,2835,3109,2899,2707,2772,2635,3016,2756,2867,3021,2915,2969,2885,2653,2911,2805,3018,2820,3172,2887,2945,2829,2865,3019,2868,2703,2707,2768,2788,2846
3075,3321,3188,3133,3218,3388,3355,3829,3134,3257,3507,3248,3326,3147,3131,3029,3341,2995,3080,3270,3290,3315,3164,3005,3257,3283,3239,3624,3684,3089,2974,3126,3217,3406,3180,3333,3368,3114,3106,3065,3417,3171,3023,3257,3275,3190,3380,3235,3525,3330,3413,3002,2959,3345,2930,3175,2809,3169,3140,3261,3611,3328,3399,3061,3254,3547,3184,3034,3257,3184,3390,3172,3259,3180,2856,3180,3324,3442,3147,3205,3290,3230,3185,3285,3164,2953,3419,3589,3064,3099,3219,3089,3229,3087,3420,3276,3208,3308,3070,3076,3041,3322,3292,3014,3267,3036,3073,2973,3109,3157,3120,3311,3153,3033,3312,3114,3291,2850,3510,3143,3128,3138,3133,3383,2998,2964,3258,3008,3051,3057
3096,3340,3412,3413,3419,3511,3421,3922,3102,3408,3562,3145,3350,3344,3215,3263,3532,3052,3442,3405,3397,3424,3363,3150,3293,3355,3471,3735,3817,3302,3199,3266,3472,3576,3296,3624,3387,3389,3214,3242,3394,3236,3236,3639,3397,3244,3458,3357,3584,3230,3478,3139,3106,3468,3050,3378,2891,3273,3393,3473,3786,3239,3445,2830,3194,3631,3456,3065,3249,3276,3618,3261,3317,3478,3049,3367,3391,3448,3208,3178,3434,3365,3385,3415,3215,3259,3482,3443,3110,3090,3225,3209,3456,3170,3525,3335,3108,3496,3344,3211,3344,3266,3446,3067,3092,3220,3331,3164,3347,3228,3223,3266,3409,3077,3340,3132,3368,3233,3552,3335,3386,3237,3240,3577,3211,3132,3269,3124,3255,3354
3092,3275,3349,3247,3389,3415,3499,3860,3140,3456,3386,3086,3355,3235,3049,3254,3386,2988,3169,3413,3450,3578,3220,3103,3349,3379,3209,3544,3650,3249,3021,3226,3472,3532,3324,3528,3140,3156,3097,3006,3312,3250,3133,3493,3347,3127,3464,3257,3486,3185,3545,3149,3149,3612,3163,3329,2987,3209,3189,3023,3780,3195,3477,2882,3297,3469,3355,3195,3292,3164,3335,3154,3110,3409,2943,3217,3253,3386,3106,3144,3310,3174,3165,3587,3089,3235,3436,3539,3131,3216,3178,3316,3327,3169,3459,3262,3206,3236,3251,3201,3152,3346,3331,3106,3218,3071,3258,3081,3289,3140,3384,3334,3300,3308,3187,3010,3364,3114,3494,3227,3230,3280,3198,3345,3207,3042,3306,3070,3244,3278
3102,3533,3477,3243,3561,3534,3628,4079,3137,3551,3393,3293,3434,3427,3176,3353,3533,3051,3396,3470,3540,3680,3346,3120,3442,3430,3370,3786,3801,3270,3107,3340,3440,3664,3476,3638,3284,3497,3193,3336,3701,3489,3245,3712,3276,3463,3413,3507,3698,3228,3592,3082,3046,3786,3042,3433,3192,3367,3556,3297,4078,3496,3743,3109,3230,3554,3487,3208,3280,3177,3687,3312,3235,3493,3169,3337,3437,3612,3298,3320,3491,3415,3276,3606,3372,3319,3498,3490,3213,3326,3373,3304,3399,3234,3582,3444,3357,3440,3251,3292,3158,3412,3483,3232,3351,3253,3477,3165,3338,3354,3508,3468,3285,3369,3335,3316,3584,3260,3671,3403,3413,3364,3297,3518,3221,3138,3218,3326,3168,3462
2928,3176,3019,3139,3204,3232,3216,3655,3055,3223,3414,3172,3178,3057,2812,2907,3261,2710,2897,3188,3193,3261,3135,2931,3045,3252,3089,3346,3455,2989,2738,2968,3086,3373,3147,3350,3066,3017,2852,2890,3179,3184,2854,3261,3032,3010,3221,3195,3283,3029,3292,2854,3036,3195,2910,3181,2902,3114,3013,3096,3519,3127,3279,2879,2931,3130,2975,3035,2985,2856,3308,2974,2924,3128,2814,2983,3099,3192,3063,2951,3099,2878,2990,3236,3023,2975,3125,3391,2971,2929,3118,3057,3113,2958,3302,2986,2995,3115,3099,3027,2923,3206,3042,2929,3106,3066,2963,3040,3087,3012,3064,3079,3100,3025,3069,2868,3213,2941,3252,3088,2906,3080,3155,3284,2963,2765,2956,3005,2892,2993
3005,3262,3361,3173,3299,3346,3353,3819,2951,3352,3303,3060,3247,3241,3073,3212,3374,2894,3037,3221,3150,3476,3084,3171,3314,3161,3205,3543,3498,3168,2935,3093,3322,3407,3174,3576,3052,3136,2992,2999,3285,3214,2887,3393,3233,3084,3318,3223,3429,3090,3251,3062,2855,3303,3017,3097,2885,3183,3346,3058,3606,3227,3390,2898,3238,3400,3164,3085,3159,3053,3304,3156,2924,3299,3016,3004,3286,3284,2996,3068,3144,3108,3113,3164,3069,3123,3223,3556,2943,3098,3153,3286,3095,3040,3384,3269,3050,3218,3067,3174,2997,3238,3235,3014,3245,3046,3205,3039,3227,3080,3345,3164,3258,3073,3069,3119,3231,3089,3389,3092,3061,3203,3146,3234,3253,2981,3080,2990,3140,3120
2906,3372,3334,3243,3383,3318,3423,3804,3048,3340,3435,3216,3326,3175,3036,3465,3548,3060,3112,3352,3265,3456,3205,2988,3310,3165,3163,3618,3576,3129,3032,3139,3216,3478,3250,3609,3231,3191,3110,3306,3436,3459,2914,3447,3226,3221,3328,3248,3425,3067,3576,3166,2944,3403,3021,3321,2888,3216,3378,3075,3692,3230,3641,3092,3217,3489,3171,3087,3365,3214,3459,3166,3177,3232,3121,3176,3387,3434,3161,3094,3418,3053,3207,3422,3193,3200,3367,3570,3118,3213,3193,3264,3257,3072,3499,3227,3090,3329,3148,3164,3048,3437,3275,3153,3283,3073,3379,3283,3358,3215,3407,3263,3264,3139,3266,3182,3259,3067,3575,3244,3215,3355,3233,3482,3086,3224,3107,2946,3021,3236
2789,3253,3098,3212,3273,3380,3323,3754,2975,3205,3416,2976,3259,3179,2842,3024,3442,2937,3026,3236,3027,3275,3035,3046,3149,2988,3108,3407,3622,3048,2967,2941,3169,3455,3184,3462,3035,3085,2962,3009,3316,3256,2890,3555,3189,3191,3226,3145,3244,3100,3248,3024,2920,3339,2984,3206,2707,3239,3199,3237,3639,3156,3411,3043,3075,3275,3146,2992,3017,3101,3349,3107,2931,3224,3024,3036,3183,3289,3047,3049,3224,2970,3087,3205,2905,2894,3361,3476,3088,2928,3053,3133,3214,2891,3266,3248,3124,3106,3184,3060,3069,3321,3294,3015,3081,3052,3101,3151,3239,3125,3127,3205,3153,3061,3208,3063,3072,3096,3517,2952,3114,3175,3075,3272,3128,2931,2962,2890,2830,3120
3131,3317,3381,3354,3447,3578,3564,3901,3232,3546,3479,3293,3555,3389,3067,3366,3320,3068,3255,3349,3546,3616,3299,2876,3472,3432,3295,3570,3808,3371,3081,3288,3484,3572,3271,3562,3449,3364,3146,3372,3540,3351,3188,3532,3353,3447,3444,3475,3683,3256,3723,3321,3113,3499,3070,3610,3002,3407,3380,3420,3703,3356,3710,3132,3287,3581,3537,3226,3436,3353,3613,3126,3345,3479,3186,3381,3402,3674,3393,3267,3568,3334,3435,3599,3160,3307,3442,3599,3236,3296,3266,3295,3412,3240,3661,3380,3233,3514,3227,3147,3244,3576,3333,3109,3440,3220,3418,3310,3318,3326,3394,3394,3423,3326,3250,3296,3594,3281,3575,3467,3389,3320,3299,3615,3300,3237,3289,3060,3287,3363
2991,3187,3265,3201,3152,3409,3317,3879,2955,3239,3512,3251,3272,3145,2982,3279,3389,2946,3032,3148,3190,3549,3179,3016,3242,3048,3107,3600,3589,3182,2932,3159,3238,3429,3241,3390,3270,3121,2907,3100,3297,3256,2893,3401,3195,3188,3352,3217,3471,3060,3322,3139,2794,3456,2995,3223,2899,3253,3306,3109,3669,3098,3485,3155,3170,3345,3214,3101,3134,3032,3366,3082,3149,3217,2986,3044,3311,3364,3083,3078,3221,3093,3150,3252,3173,3110,3354,3475,2973,3033,3084,3317,3094,3029,3504,3216,3140,3137,3167,3106,3043,3205,3205,3078,3260,3065,3244,2920,3274,3096,3269,3267,3182,3093,3105,3083,3278,3203,3549,3114,3207,3280,3154,3406,3100,3005,2951,2900,3215,3081
3424,3583,3561,3651,3726,3861,3777,4361,3358,3787,3893,3685,3638,3602,3404,3712,3766,3466,3645,3633,3625,3779,3521,3379,3861,3681,3614,4145,4197,3599,3385,3587,3909,4054,3613,3924,3520,3629,3518,3418,3841,3775,3386,3982,3671,3669,3798,3753,3939,3633,3930,3526,3389,3941,3475,3583,3276,3678,3807,3533,4090,3594,3912,3400,3672,3821,3735,3490,3686,3665,3869,3553,3609,3651,3342,3675,3786,3924,3671,3508,3739,3595,3599,3848,3612,3516,3808,3872,3371,3488,3507,3669,3652,3451,3815,3636,3585,3805,3553,3547,3557,3784,3836,3507,3717,3556,3663,3625,3685,3512,3816,3724,3691,3569,3725,3627,3927,3485,4034,3737,3724,3628,3531,3960,3517,3535,3580,3268,3437,3607
2759,3242,3196,3232,3331,3398,3374,3733,2899,3182,3411,3135,3234,3184,3035,3171,3416,2902,3166,3341,3231,3455,3029,2949,3163,3249,3135,3478,3672,3056,3124,3128,3269,3459,3253,3456,3205,3176,3126,3117,3408,3242,2997,3427,3186,3053,3271,3189,3489,3133,3468,2993,2856,3340,2997,3435,2846,3135,3440,3086,3547,3184,3433,2902,3248,3451,3195,3135,3116,3163,3332,3159,3015,3280,3105,3261,3299,3357,3169,3142,3426,2950,3241,3341,3072,3036,3506,3439,3036,2962,3143,3318,3135,3053,3430,3187,3021,3352,3013,3073,3200,3301,3383,2963,3144,3028,3253,2950,3352,3235,3241,3178,3189,3155,3153,3013,3159,3058,3485,3182,3348,3115,3120,3524,3118,3018,3052,3033,2999,3233
2920,3019,3119,3038,3218,3162,3140,3583,2901,3143,3187,3011,3163,3071,2936,3069,3297,2805,2945,3190,3215,3209,3085,2638,3200,3070,3137,3466,3417,3076,2852,2950,3175,3246,3122,3258,3068,3017,2936,2890,3068,3050,2869,3176,3111,3019,3215,3081,3348,2876,3212,3061,2837,3248,2931,3096,2772,3009,3127,2996,3492,3001,3354,2695,3089,3281,3103,2864,3067,2965,3202,3014,3027,3132,2958,3075,3115,3141,2981,2917,3073,3092,3058,3391,2915,2958,3239,3233,2764,2993,2973,3038,2959,3026,3332,2906,2901,3248,3092,3008,2935,3071,3103,2849,3074,2881,3009,2917,3085,2940,3146,3012,3081,2876,3110,2980,3248,2979,3337,3149,3032,3048,2998,3258,2851,2854,3056,2812,2950,2980
2754,2944,3073,3064,3108,3106,3176,3550,2847,3192,3320,3049,3060,2728,2900,3021,3345,2748,2978,3010,3021,3187,2983,2778,2997,2993,3091,3344,3274,2960,2913,2895,3046,3241,3007,3204,3025,3042,2881,2920,3123,3032,2796,3235,3010,2772,2991,3082,3407,2891,3338,2841,2810,3127,2781,3162,2703,2806,3013,2935,3177,2953,3221,2829,2894,3171,3179,2889,3094,2884,3200,2823,2995,3073,2731,2952,3170,3218,2805,2858,3138,3049,2990,2995,3098,2867,3066,3311,2936,2903,3021,2906,3165,2819,3265,2914,2869,3208,2986,3034,2935,3183,3045,2846,2788,2791,2906,2761,3103,2990,3065,2997,3059,2855,3134,2792,3156,2832,3227,3069,2951,3019,3030,3195,2943,2703,2968,2834,2948,3114
3034,3335,3245,3205,3467,3330,3467,3819,3118,3493,3224,3232,3359,3210,3003,3237,3314,2977,3215,3392,3406,3438,3228,2949,3294,3463,3184,3692,3539,3013,3175,3095,3216,3729,3160,3474,3160,3276,3150,3188,3433,3403,2914,3445,3228,3256,3357,3292,3394,3088,3457,3070,2958,3295,3028,3380,2971,3230,3293,3303,3703,3444,3526,3037,3227,3570,3267,3140,3232,3149,3405,3254,3187,3456,2942,3265,3351,3394,3103,3080,3333,3001,3202,3436,3167,3023,3287,3564,3124,3128,3200,3103,3355,3090,3426,3380,3125,3380,2988,3065,3054,3394,3230,3186,3032,3098,3201,3127,3258,3295,3203,3414,3138,3127,3250,3114,3432,3071,3370,3260,3198,3197,3455,3375,3349,2816,3168,3075,3010,3069
3163,3431,3292,3261,3393,3343,3370,3944,3307,3454,3644,3267,3522,3226,3050,3422,3657,3126,3238,3385,3299,3739,3353,3128,3493,3319,3225,3850,3785,3154,3113,3316,3448,3564,3384,3598,3373,3325,3211,3240,3406,3445,3006,3534,3454,3192,3477,3377,3597,3329,3533,3144,3174,3632,2985,3414,2947,3322,3379,3442,3821,3336,3613,3120,3312,3589,3222,3167,3421,3193,3695,3394,3348,3344,2960,3259,3340,3551,3280,3306,3447,3288,3390,3434,3272,3180,3601,3577,3014,3306,3422,3543,3427,3210,3439,3363,3265,3364,3277,3315,3214,3408,3406,3230,3445,3203,3225,3231,3286,3380,3285,3352,3169,3193,3363,3293,3417,3180,3669,3224,3459,3386,3294,3513,3142,3174,3270,3011,3330,3178
3051,3488,3367,3161,3387,3525,3372,3924,3185,3298,3330,3335,3359,3227,3154,3309,3603,3141,3261,3412,3529,3579,3265,3093,3411,3258,3306,3724,3766,3290,3131,3281,3363,3540,3255,3565,3323,3333,3138,3174,3396,3330,3041,3636,3274,3375,3393,3375,3547,3285,3527,3199,3120,3601,3165,3469,3056,3312,3501,3280,3871,3287,3524,2984,3503,3466,3289,3265,3291,3317,3621,3109,3114,3377,3112,3266,3394,3524,3325,3226,3550,3232,3346,3515,3171,3195,3630,3531,3014,3110,3032,3574,3199,3102,3572,3443,3175,3362,3196,3206,3172,3447,3450,3103,3394,3128,3293,3306,3459,3252,3480,3271,3214,3248,3179,3249,3361,3096,3542,3397,3256,3174,3164,3596,3141,3163,3181,3124,3111,3209
3014,3152,3236,3076,3336,3421,3367,3820,3014,3236,3402,3356,3317,3136,3042,3131,3460,3022,3142,3357,3328,3475,3265,3086,3247,3189,3200,3635,3668,3070,3029,3147,3136,3599,3255,3489,3100,3232,2990,3054,3402,3237,2994,3408,3265,3148,3231,3311,3633,3078,3583,3051,3086,3425,3109,3328,2925,3196,3243,3094,3612,3247,3481,2983,3218,3329,3265,3130,3315,3183,3425,3119,3132,3258,2956,3220,3321,3448,3121,3093,3264,3041,3164,3227,3168,3118,3413,3408,2979,3056,3104,3134,3173,3042,3460,3231,3128,3320,3084,3186,3115,3359,3266,3088,3163,2985,3086,3195,3338,3324,3264,3250,3195,3141,3262,2904,3346,3067,3490,3252,3104,3203,3246,3453,2889,3087,3198,2960,3031,3269
3075,3406,3256,3203,3438,3506,3533,3780,3184,3436,3447,3309,3332,3076,2960,3257,3369,2822,3147,3471,3505,3424,3186,3017,3360,3215,3301,3602,3702,3216,3088,3198,3377,3572,3329,3561,3218,3223,3038,3332,3402,3454,2990,3490,3389,3257,3394,3327,3560,3310,3552,3080,3141,3509,3123,3313,2935,3260,3358,3327,3866,3262,3538,2984,3190,3308,3184,3273,3307,3055,3550,3097,3185,3438,3107,3324,3263,3522,3344,3316,3317,3133,3204,3387,3118,3097,3468,3683,3175,3175,3294,3319,3350,3138,3568,3375,3160,3377,3177,3291,3198,3400,3410,3104,3271,3097,3386,3177,3386,3242,3429,3312,3307,3403,3279,3119,3344,3063,3471,3368,3283,3132,3322,3404,3213,3099,3156,3166,3169,3172
2950,3244,3198,3108,3308,3270,3388,3796,3082,3317,3377,3158,3281,3015,2938,3284,3463,3026,3083,3112,3196,3434,3120,2991,3184,3130,3041,3375,3532,3013,2954,3056,3133,3371,3158,3431,3173,3107,2986,3052,3251,3267,2973,3415,3121,3185,3257,3212,3406,3000,3423,2870,2890,3433,2861,3282,2886,3105,3215,2980,3424,3177,3429,2978,3176,3356,3173,3050,3148,3138,3484,2985,3003,3289,2929,3021,3220,3350,2957,3013,3190,3057,3090,3404,3165,3082,3249,3442,3108,3178,3191,3172,3273,3048,3362,3279,2968,3243,3058,3134,3013,3272,3332,3061,3177,3021,3220,2932,3218,3087,3175,3198,3180,3045,3161,2962,3272,2995,3450,2940,3173,3139,3134,3243,3059,2842,2980,2878,2968,3213
2892,3169,3040,3073,3168,3302,3272,3691,2905,3028,3097,3057,3094,3077,2790,3131,3212,2799,3008,3103,3179,3303,3210,2804,3065,2929,3119,3473,3469,2892,2895,2906,3140,3156,3057,3306,2944,3051,2986,2910,3087,3176,2765,3305,3076,3132,3068,3077,3204,3025,3367,2974,2917,3282,2865,3081,2917,3038,3283,3111,3474,3073,3292,2823,2951,3297,3131,2915,3032,3021,3306,3031,3004,3195,2922,3047,3137,3227,3077,2980,3105,3112,3010,3142,2934,2842,3295,3298,2921,2936,3056,3049,3067,2809,3340,3150,2932,3094,3143,2951,2977,3304,3194,2923,3016,2891,2927,2995,3133,2866,3237,3216,3045,3000,3151,3046,3114,2894,3313,3060,3029,2994,3055,3253,2899,2886,2927,2860,2953,3009
3136,3230,3327,3114,3363,3241,3257,3770,3086,3233,3344,3196,3353,3081,3083,3205,3418,2881,3085,3285,3150,3373,3140,2907,3293,3082,3058,3601,3687,3172,2949,3127,3233,3518,3256,3289,3195,3149,3068,3099,3353,3250,2968,3413,3209,3313,3258,3140,3535,3048,3501,3058,2867,3455,2930,3233,2931,3191,3272,3072,3701,3104,3525,2886,3223,3278,3170,3091,3293,3116,3480,2961,3135,3301,2866,3166,3269,3445,3125,2984,3226,3090,3154,3399,3172,3112,3303,3383,2968,3125,2960,3346,3170,3146,3312,3185,3041,3239,3083,3021,3074,3201,3181,3021,3157,2986,3083,3170,3262,3153,3249,3216,3079,3068,3185,2954,3290,2929,3350,3256,3246,3214,3228,3540,3096,3070,3208,2918,3031,3128
3180,3289,3449,3453,3539,3521,3450,3883,3146,3543,3577,3212,3414,3242,3259,3273,3427,3039,3123,3436,3468,3507,3393,3089,3421,3331,3383,3610,3767,3122,3055,3122,3273,3428,3143,3496,3242,3248,3193,3204,3323,3426,2883,3476,3401,3406,3553,3279,3641,3192,3498,3191,3118,3417,3102,3384,2865,3322,3534,3255,3796,3354,3630,3209,3185,3396,3270,3278,3352,3178,3698,3288,3189,3500,3017,3249,3480,3501,3181,3086,3378,3334,3354,3477,3283,3197,3423,3658,3106,3211,3368,3258,3397,3086,3603,3297,3185,3391,3255,3198,3151,3541,3377,3147,3294,3147,3393,3247,3391,3430,3337,3290,3354,3245,3327,3306,3474,3084,3630,3315,3231,3340,3163,3637,3265,3050,3194,3114,3282,3260
3237,3263,3278,3328,3452,3491,3591,4014,3089,3603,3561,3380,3486,3163,3109,3399,3526,2962,3309,3267,3460,3758,3181,3043,3426,3458,3351,3757,3734,3341,3114,3363,3434,3637,3408,3480,3381,3257,3323,3246,3386,3467,3193,3619,3419,3353,3373,3341,3624,3204,3731,3243,3190,3537,3079,3515,3039,3214,3415,3272,3710,3344,3763,3086,3378,3393,3517,3201,3504,3414,3727,3355,3268,3596,2991,3364,3521,3674,3222,3130,3457,3275,3350,3549,3339,3214,3444,3542,3201,3294,3285,3363,3444,3104,3757,3429,3306,3548,3175,3252,3182,3447,3309,3297,3243,3210,3449,3281,3465,3368,3420,3386,3424,3165,3430,3183,3494,3339,3744,3412,3354,3435,3496,3546,3239,3110,3329,3097,3314,3440
3271,3474,3592,3604,3509,3685,3645,4119,3309,3595,3672,3363,3596,3443,3161,3418,3626,3182,3439,3637,3619,3714,3352,3213,3629,3457,3521,3852,4018,3412,3325,3434,3519,3753,3481,3836,3584,3448,3345,3374,3574,3467,3336,3630,3472,3569,3695,3519,3769,3452,3737,3472,3149,3585,3348,3680,3076,3519,3410,3467,3945,3391,3787,3217,3368,3699,3532,3321,3523,3422,3761,3316,3459,3648,3317,3461,3622,3659,3489,3312,3619,3484,3477,3605,3411,3350,3778,3925,3463,3339,3345,3376,3615,3224,3896,3593,3483,3527,3394,3365,3379,3574,3608,3382,3455,3362,3410,3360,3635,3496,3466,3588,3566,3370,3545,3316,3550,3370,3823,3444,3407,3408,3441,3588,3409,3296,3346,3245,3287,3311
2892,3204,3307,3122,3227,3283,3231,3675,2931,3206,3300,2968,3138,3123,3066,3056,3240,2858,3078,2982,3299,3315,3030,2969,3225,3002,3076,3500,3446,3022,2889,3055,3220,3189,3133,3317,3196,2966,2877,3090,3356,3186,2839,3354,3047,3176,3222,3319,3486,3047,3285,2872,2852,3323,2861,3155,2833,3066,3168,3025,3514,3117,3500,2801,3051,3352,3235,3047,3178,3066,3316,3073,2936,3309,2927,3166,3141,3379,3057,3022,3269,3078,3149,3173,3052,2969,3306,3397,3011,3031,3062,3112,3120,3100,3383,3101,3049,3271,3052,2929,3050,3387,3111,3005,3170,2735,3186,2965,3209,2941,3175,3175,3269,2946,3072,3077,3120,2903,3385,3211,3227,3199,3100,3396,3172,2854,2939,2953,2996,3206
2845,2978,3073,3057,3047,3181,3161,3576,2843,3032,3127,3090,3216,2985,2737,3030,3269,2676,2901,3023,3088,3194,2907,2845,3070,2966,3083,3302,3393,2869,2827,2945,3070,3338,2999,3090,3188,2971,2951,2873,3192,3119,2787,3202,3152,3046,3071,2971,3241,2921,3175,2910,2666,3176,3003,2996,2718,3078,3148,3000,3444,2933,3141,2843,3012,3218,2916,2938,3010,2887,3177,2944,2894,3194,2835,2951,2941,3074,2892,2835,3059,2778,3027,3095,2836,2688,3117,3280,2894,2847,2919,3061,3069,2807,3174,3198,2867,2959,2832,2895,2866,3112,3136,2904,2960,2902,3003,2806,2993,3087,3121,3179,3037,2772,2983,2999,3145,2973,3275,2890,3098,2917,2879,3150,2896,2721,2874,2843,2862,2818
3280,3565,3555,3505,3643,3665,3737,4178,3207,3625,3577,3415,3465,3474,3312,3663,3694,3271,3497,3518,3595,3742,3395,3073,3566,3551,3404,3964,3890,3399,3309,3338,3607,3712,3439,3766,3411,3598,3375,3347,3743,3544,3199,3766,3497,3586,3510,3546,3866,3318,3683,3385,3228,3801,3190,3602,3211,3470,3653,3423,4046,3431,3827,3167,3570,3538,3570,3264,3375,3411,3702,3265,3295,3652,3307,3433,3575,3690,3431,3343,3545,3477,3532,3601,3394,3391,3609,3701,3453,3330,3301,3560,3528,3371,3583,3605,3338,3661,3240,3363,3318,3577,3627,3370,3434,3228,3478,3397,3598,3621,3507,3563,3386,3409,3537,3344,3480,3232,3684,3556,3455,3421,3587,3634,3557,3168,3454,3167,3165,3531
2956,3504,3435,3134,3471,3394,3388,3900,3141,3331,3492,3357,3375,3306,3209,3214,3571,3096,3137,3304,3552,3586,3424,3111,3444,3405,3221,3677,3626,3378,3130,3294,3309,3578,3326,3519,3328,3337,3153,3170,3537,3376,3199,3494,3404,3214,3500,3516,3526,3238,3502,3171,3177,3684,3125,3422,2914,3152,3436,3167,3879,3360,3502,3004,3317,3571,3334,3358,3286,3235,3500,3405,3229,3386,3196,3332,3378,3460,3274,3210,3353,3280,3247,3591,3212,3196,3462,3545,3090,3229,3312,3372,3225,3348,3620,3311,3105,3456,3220,3297,3226,3390,3376,3178,3306,3147,3359,3166,3308,3284,3343,3343,3290,3252,3399,3124,3365,3145,3431,3448,3392,3366,3290,3567,3236,2975,3225,3194,3261,3183
3165,3485,3542,3389,3514,3680,3562,4075,3363,3718,3616,3276,3541,3325,3387,3558,3604,3146,3185,3515,3376,3798,3306,3152,3537,3363,3359,3953,3886,3224,3083,3402,3649,3736,3421,3737,3326,3337,3259,3415,3602,3684,3025,3692,3570,3307,3627,3437,3792,3286,3761,3380,3193,3687,3265,3547,3076,3373,3550,3263,3958,3510,3881,3172,3430,3478,3385,3319,3352,3297,3616,3483,3363,3610,3093,3252,3509,3733,3344,3272,3466,3386,3445,3519,3388,3319,3653,3700,3205,3269,3398,3529,3460,3353,3542,3431,3336,3641,3243,3337,3332,3591,3543,3281,3434,3375,3482,3366,3532,3497,3484,3421,3575,3281,3282,3390,3433,3251,3741,3490,3376,3370,3470,3651,3410,3178,3377,3276,3244,3398
3251,3430,3377,3494,3610,3685,3559,3988,3219,3639,3622,3237,3561,3442,3181,3429,3557,3130,3227,3529,3502,3531,3405,3219,3676,3556,3337,3872,3850,3292,3098,3262,3655,3708,3477,3685,3349,3276,3422,3229,3562,3620,3155,3657,3419,3353,3485,3598,3773,3319,3589,3332,3027,3644,3128,3458,2997,3468,3646,3346,3813,3541,3721,3182,3507,3699,3399,3174,3272,3422,3641,3466,3207,3385,3207,3511,3490,3558,3327,3197,3419,3380,3634,3610,3248,3186,3646,3832,3286,3276,3441,3498,3213,3232,3600,3413,3377,3646,3287,3196,3302,3503,3564,3200,3561,3273,3517,3220,3443,3359,3498,3391,3401,3180,3227,3421,3490,3204,3878,3299,3354,3384,3395,3585,3253,3292,3308,3193,3311,3335
3026,3408,3369,3279,3556,3337,3651,3866,3164,3316,3475,3363,3409,3217,3114,3418,3577,3079,3117,3424,3313,3622,3276,3055,3627,3318,3151,3661,3889,3360,3026,3158,3372,3427,3336,3681,3315,3253,3223,3224,3447,3493,3186,3556,3380,3208,3413,3352,3622,3189,3641,3213,3079,3542,2994,3398,2947,3349,3406,3250,3707,3269,3772,2912,3280,3416,3228,3158,3332,3267,3652,3275,3155,3365,3151,3379,3285,3423,3225,3130,3338,3201,3417,3535,3176,3140,3513,3597,3161,3298,3379,3383,3283,3257,3466,3264,3128,3444,3238,3244,3280,3472,3433,3155,3354,3140,3348,3289,3275,3291,3337,3305,3270,3263,3331,3213,3321,3213,3693,3219,3369,3344,3416,3561,3164,3103,3224,3002,3259,3321
3280,3694,3666,3590,3721,3857,3732,4399,3358,3642,3774,3659,3686,3498,3362,3595,3826,3413,3549,3713,3884,3843,3671,3302,3797,3525,3595,4044,4071,3477,3295,3546,3679,3874,3753,3958,3449,3610,3593,3473,3913,3595,3439,3906,3647,3515,3761,3628,3898,3614,3876,3509,3322,3847,3341,3674,3310,3708,3801,3608,4124,3498,3871,3276,3602,3825,3574,3492,3524,3471,3791,3444,3566,3736,3324,3621,3768,3927,3584,3493,3679,3423,3520,3840,3503,3318,3904,3929,3414,3327,3542,3630,3564,3295,3911,3719,3556,3676,3512,3526,3451,3682,3877,3430,3633,3426,3635,3499,3756,3694,3790,3699,3552,3515,3786,3486,3653,3454,3769,3645,3615,3525,3586,3806,3385,3480,3495,3427,3383,3452
2957,3202,3212,3200,3371,3275,3455,3803,3029,3318,3506,3290,3279,3055,3091,3236,3369,2917,3141,3326,3316,3361,3039,2931,3219,3184,3215,3656,3675,3103,3033,3169,3456,3589,3379,3505,3211,3220,2993,3310,3210,3087,2856,3480,3192,3222,3274,3139,3508,3080,3500,3017,2878,3416,2866,3384,2914,3240,3316,3291,3719,3331,3556,2886,3154,3526,3119,3138,3145,3055,3529,3137,3136,3235,2803,3222,3225,3299,3160,3214,3285,2977,3175,3338,3108,2987,3284,3524,2913,3135,3091,3211,3290,3230,3339,3116,3085,3286,3157,3067,3026,3381,3344,3072,3121,2982,3250,3116,3351,3230,3304,3239,3244,3181,3164,3106,3361,3040,3419,3230,3220,3182,3257,3469,3115,3040,3151,3133,2994,3080
2782,3058,3081,2974,3130,3236,3114,3574,2917,3056,3191,2917,3082,2911,2751,2988,3138,2802,2915,3150,3182,3098,2901,2736,3031,2995,3027,3313,3350,2678,2806,2820,3008,3143,2900,3194,2924,2758,2804,2807,3008,3076,2778,3074,2989,3034,3140,2971,3264,2858,3166,2830,2731,3067,2743,3006,2753,3107,3058,2998,3436,3104,3133,2740,2935,3125,2910,2939,2981,2818,3166,2888,2873,3075,2774,2876,3097,3278,2900,2922,3065,2806,2900,3265,2875,2729,3058,3279,2823,2906,3015,3018,3017,2898,3281,3026,2803,2949,2932,2792,2772,3045,2994,2729,2936,2866,3029,2744,2883,2906,3101,2977,3044,2928,2967,2862,3121,2795,3250,2864,2874,2919,2901,3119,2948,2783,2821,2645,2756,2882
